model,ens,exp,postprocess,table,varn,period,mean
BNU-ESM,r1i1p1,rcp26,global_mean,Amon,tas,2021-2040,2.15
CCSM4,r1i1p1,rcp26,global_mean,Amon,tas,2021-2040,1.76
CESM1-CAM5,r1i1p1,rcp26,global_mean,Amon,tas,2021-2040,1.53
CNRM-CM5,r1i1p1,rcp26,global_mean,Amon,tas,2021-2040,1.31
CSIRO-Mk3-6-0,r1i1p1,rcp26,global_mean,Amon,tas,2021-2040,1.42
CanESM2,r1i1p1,rcp26,global_mean,Amon,tas,2021-2040,1.95
EC-EARTH,r8i1p1,rcp26,global_mean,Amon,tas,2021-2040,1.60
FGOALS-g2,r1i1p1,rcp26,global_mean,Amon,tas,2021-2040,1.14
FIO-ESM,r1i1p1,rcp26,global_mean,Amon,tas,2021-2040,1.38
GISS-E2-H,r1i1p1,rcp26,global_mean,Amon,tas,2021-2040,1.53
GISS-E2-R,r1i1p1,rcp26,global_mean,Amon,tas,2021-2040,1.19
IPSL-CM5A-LR,r1i1p1,rcp26,global_mean,Amon,tas,2021-2040,1.99
IPSL-CM5A-MR,r1i1p1,rcp26,global_mean,Amon,tas,2021-2040,1.73
MIROC5,r1i1p1,rcp26,global_mean,Amon,tas,2021-2040,1.22
MPI-ESM-LR,r1i1p1,rcp26,global_mean,Amon,tas,2021-2040,1.64
MPI-ESM-MR,r1i1p1,rcp26,global_mean,Amon,tas,2021-2040,1.59
MRI-CGCM3,r1i1p1,rcp26,global_mean,Amon,tas,2021-2040,0.98
NorESM1-ME,r1i1p1,rcp26,global_mean,Amon,tas,2021-2040,1.27
NorESM1-M,r1i1p1,rcp26,global_mean,Amon,tas,2021-2040,1.25
bcc-csm1-1-m,r1i1p1,rcp26,global_mean,Amon,tas,2021-2040,1.90
bcc-csm1-1,r1i1p1,rcp26,global_mean,Amon,tas,2021-2040,1.69
BNU-ESM,r1i1p1,rcp26,global_mean,Amon,tas,2041-2060,2.23
CCSM4,r1i1p1,rcp26,global_mean,Amon,tas,2041-2060,1.88
CESM1-CAM5,r1i1p1,rcp26,global_mean,Amon,tas,2041-2060,1.85
CNRM-CM5,r1i1p1,rcp26,global_mean,Amon,tas,2041-2060,1.60
CSIRO-Mk3-6-0,r1i1p1,rcp26,global_mean,Amon,tas,2041-2060,1.70
CanESM2,r1i1p1,rcp26,global_mean,Amon,tas,2041-2060,2.30
EC-EARTH,r8i1p1,rcp26,global_mean,Amon,tas,2041-2060,1.81
FGOALS-g2,r1i1p1,rcp26,global_mean,Amon,tas,2041-2060,1.31
FIO-ESM,r1i1p1,rcp26,global_mean,Amon,tas,2041-2060,1.35
GISS-E2-H,r1i1p1,rcp26,global_mean,Amon,tas,2041-2060,1.66
GISS-E2-R,r1i1p1,rcp26,global_mean,Amon,tas,2041-2060,1.26
IPSL-CM5A-LR,r1i1p1,rcp26,global_mean,Amon,tas,2041-2060,2.20
IPSL-CM5A-MR,r1i1p1,rcp26,global_mean,Amon,tas,2041-2060,2.03
MIROC5,r1i1p1,rcp26,global_mean,Amon,tas,2041-2060,1.51
MPI-ESM-LR,r1i1p1,rcp26,global_mean,Amon,tas,2041-2060,1.76
MPI-ESM-MR,r1i1p1,rcp26,global_mean,Amon,tas,2041-2060,1.73
MRI-CGCM3,r1i1p1,rcp26,global_mean,Amon,tas,2041-2060,1.19
NorESM1-ME,r1i1p1,rcp26,global_mean,Amon,tas,2041-2060,1.47
NorESM1-M,r1i1p1,rcp26,global_mean,Amon,tas,2041-2060,1.41
bcc-csm1-1-m,r1i1p1,rcp26,global_mean,Amon,tas,2041-2060,2.03
bcc-csm1-1,r1i1p1,rcp26,global_mean,Amon,tas,2041-2060,1.76
BNU-ESM,r1i1p1,rcp26,global_mean,Amon,tas,2081-2100,2.23
CCSM4,r1i1p1,rcp26,global_mean,Amon,tas,2081-2100,1.84
CESM1-CAM5,r1i1p1,rcp26,global_mean,Amon,tas,2081-2100,2.01
CNRM-CM5,r1i1p1,rcp26,global_mean,Amon,tas,2081-2100,1.66
CSIRO-Mk3-6-0,r1i1p1,rcp26,global_mean,Amon,tas,2081-2100,1.95
CanESM2,r1i1p1,rcp26,global_mean,Amon,tas,2081-2100,2.31
EC-EARTH,r8i1p1,rcp26,global_mean,Amon,tas,2081-2100,1.86
FGOALS-g2,r1i1p1,rcp26,global_mean,Amon,tas,2081-2100,1.13
FIO-ESM,r1i1p1,rcp26,global_mean,Amon,tas,2081-2100,0.87
GISS-E2-H,r1i1p1,rcp26,global_mean,Amon,tas,2081-2100,1.58
GISS-E2-R,r1i1p1,rcp26,global_mean,Amon,tas,2081-2100,1.06
IPSL-CM5A-LR,r1i1p1,rcp26,global_mean,Amon,tas,2081-2100,2.31
IPSL-CM5A-MR,r1i1p1,rcp26,global_mean,Amon,tas,2081-2100,1.95
MIROC5,r1i1p1,rcp26,global_mean,Amon,tas,2081-2100,1.51
MPI-ESM-LR,r1i1p1,rcp26,global_mean,Amon,tas,2081-2100,1.62
MPI-ESM-MR,r1i1p1,rcp26,global_mean,Amon,tas,2081-2100,1.65
MRI-CGCM3,r1i1p1,rcp26,global_mean,Amon,tas,2081-2100,1.38
NorESM1-ME,r1i1p1,rcp26,global_mean,Amon,tas,2081-2100,1.50
NorESM1-M,r1i1p1,rcp26,global_mean,Amon,tas,2081-2100,1.43
bcc-csm1-1-m,r1i1p1,rcp26,global_mean,Amon,tas,2081-2100,1.80
bcc-csm1-1,r1i1p1,rcp26,global_mean,Amon,tas,2081-2100,1.79
BNU-ESM,r1i1p1,rcp26,global_mean,Amon,tas,2016-2035,2.01
CCSM4,r1i1p1,rcp26,global_mean,Amon,tas,2016-2035,1.65
CESM1-CAM5,r1i1p1,rcp26,global_mean,Amon,tas,2016-2035,1.42
CNRM-CM5,r1i1p1,rcp26,global_mean,Amon,tas,2016-2035,1.23
CSIRO-Mk3-6-0,r1i1p1,rcp26,global_mean,Amon,tas,2016-2035,1.29
CanESM2,r1i1p1,rcp26,global_mean,Amon,tas,2016-2035,1.84
EC-EARTH,r8i1p1,rcp26,global_mean,Amon,tas,2016-2035,1.51
FGOALS-g2,r1i1p1,rcp26,global_mean,Amon,tas,2016-2035,1.04
FIO-ESM,r1i1p1,rcp26,global_mean,Amon,tas,2016-2035,1.35
GISS-E2-H,r1i1p1,rcp26,global_mean,Amon,tas,2016-2035,1.48
GISS-E2-R,r1i1p1,rcp26,global_mean,Amon,tas,2016-2035,1.16
IPSL-CM5A-LR,r1i1p1,rcp26,global_mean,Amon,tas,2016-2035,1.90
IPSL-CM5A-MR,r1i1p1,rcp26,global_mean,Amon,tas,2016-2035,1.65
MIROC5,r1i1p1,rcp26,global_mean,Amon,tas,2016-2035,1.11
MPI-ESM-LR,r1i1p1,rcp26,global_mean,Amon,tas,2016-2035,1.52
MPI-ESM-MR,r1i1p1,rcp26,global_mean,Amon,tas,2016-2035,1.51
MRI-CGCM3,r1i1p1,rcp26,global_mean,Amon,tas,2016-2035,0.89
NorESM1-ME,r1i1p1,rcp26,global_mean,Amon,tas,2016-2035,1.19
NorESM1-M,r1i1p1,rcp26,global_mean,Amon,tas,2016-2035,1.18
bcc-csm1-1-m,r1i1p1,rcp26,global_mean,Amon,tas,2016-2035,1.82
bcc-csm1-1,r1i1p1,rcp26,global_mean,Amon,tas,2016-2035,1.56
BNU-ESM,r1i1p1,rcp26,global_mean,Amon,tas,2046-2065,2.22
CCSM4,r1i1p1,rcp26,global_mean,Amon,tas,2046-2065,1.89
CESM1-CAM5,r1i1p1,rcp26,global_mean,Amon,tas,2046-2065,1.90
CNRM-CM5,r1i1p1,rcp26,global_mean,Amon,tas,2046-2065,1.65
CSIRO-Mk3-6-0,r1i1p1,rcp26,global_mean,Amon,tas,2046-2065,1.73
CanESM2,r1i1p1,rcp26,global_mean,Amon,tas,2046-2065,2.34
EC-EARTH,r8i1p1,rcp26,global_mean,Amon,tas,2046-2065,1.83
FGOALS-g2,r1i1p1,rcp26,global_mean,Amon,tas,2046-2065,1.33
FIO-ESM,r1i1p1,rcp26,global_mean,Amon,tas,2046-2065,1.29
GISS-E2-H,r1i1p1,rcp26,global_mean,Amon,tas,2046-2065,1.67
GISS-E2-R,r1i1p1,rcp26,global_mean,Amon,tas,2046-2065,1.23
IPSL-CM5A-LR,r1i1p1,rcp26,global_mean,Amon,tas,2046-2065,2.23
IPSL-CM5A-MR,r1i1p1,rcp26,global_mean,Amon,tas,2046-2065,2.05
MIROC5,r1i1p1,rcp26,global_mean,Amon,tas,2046-2065,1.54
MPI-ESM-LR,r1i1p1,rcp26,global_mean,Amon,tas,2046-2065,1.74
MPI-ESM-MR,r1i1p1,rcp26,global_mean,Amon,tas,2046-2065,1.72
MRI-CGCM3,r1i1p1,rcp26,global_mean,Amon,tas,2046-2065,1.19
NorESM1-ME,r1i1p1,rcp26,global_mean,Amon,tas,2046-2065,1.47
NorESM1-M,r1i1p1,rcp26,global_mean,Amon,tas,2046-2065,1.39
bcc-csm1-1-m,r1i1p1,rcp26,global_mean,Amon,tas,2046-2065,1.98
bcc-csm1-1,r1i1p1,rcp26,global_mean,Amon,tas,2046-2065,1.82
BNU-ESM,r1i1p1,rcp26,global_mean,Amon,tas,2011-2020,1.76
CCSM4,r1i1p1,rcp26,global_mean,Amon,tas,2011-2020,1.49
CESM1-CAM5,r1i1p1,rcp26,global_mean,Amon,tas,2011-2020,1.10
CNRM-CM5,r1i1p1,rcp26,global_mean,Amon,tas,2011-2020,1.06
CSIRO-Mk3-6-0,r1i1p1,rcp26,global_mean,Amon,tas,2011-2020,0.99
CanESM2,r1i1p1,rcp26,global_mean,Amon,tas,2011-2020,1.58
EC-EARTH,r8i1p1,rcp26,global_mean,Amon,tas,2011-2020,1.39
FGOALS-g2,r1i1p1,rcp26,global_mean,Amon,tas,2011-2020,0.85
FIO-ESM,r1i1p1,rcp26,global_mean,Amon,tas,2011-2020,1.21
GISS-E2-H,r1i1p1,rcp26,global_mean,Amon,tas,2011-2020,1.32
GISS-E2-R,r1i1p1,rcp26,global_mean,Amon,tas,2011-2020,1.06
IPSL-CM5A-LR,r1i1p1,rcp26,global_mean,Amon,tas,2011-2020,1.65
IPSL-CM5A-MR,r1i1p1,rcp26,global_mean,Amon,tas,2011-2020,1.53
MIROC5,r1i1p1,rcp26,global_mean,Amon,tas,2011-2020,0.97
MPI-ESM-LR,r1i1p1,rcp26,global_mean,Amon,tas,2011-2020,1.30
MPI-ESM-MR,r1i1p1,rcp26,global_mean,Amon,tas,2011-2020,1.40
MRI-CGCM3,r1i1p1,rcp26,global_mean,Amon,tas,2011-2020,0.72
NorESM1-ME,r1i1p1,rcp26,global_mean,Amon,tas,2011-2020,0.96
NorESM1-M,r1i1p1,rcp26,global_mean,Amon,tas,2011-2020,0.95
bcc-csm1-1-m,r1i1p1,rcp26,global_mean,Amon,tas,2011-2020,1.56
bcc-csm1-1,r1i1p1,rcp26,global_mean,Amon,tas,2011-2020,1.34
BNU-ESM,r1i1p1,rcp26,global_mean,Amon,tas,2021-2030,2.02
CCSM4,r1i1p1,rcp26,global_mean,Amon,tas,2021-2030,1.68
CESM1-CAM5,r1i1p1,rcp26,global_mean,Amon,tas,2021-2030,1.45
CNRM-CM5,r1i1p1,rcp26,global_mean,Amon,tas,2021-2030,1.23
CSIRO-Mk3-6-0,r1i1p1,rcp26,global_mean,Amon,tas,2021-2030,1.32
CanESM2,r1i1p1,rcp26,global_mean,Amon,tas,2021-2030,1.82
EC-EARTH,r8i1p1,rcp26,global_mean,Amon,tas,2021-2030,1.50
FGOALS-g2,r1i1p1,rcp26,global_mean,Amon,tas,2021-2030,1.06
FIO-ESM,r1i1p1,rcp26,global_mean,Amon,tas,2021-2030,1.35
GISS-E2-H,r1i1p1,rcp26,global_mean,Amon,tas,2021-2030,1.49
GISS-E2-R,r1i1p1,rcp26,global_mean,Amon,tas,2021-2030,1.18
IPSL-CM5A-LR,r1i1p1,rcp26,global_mean,Amon,tas,2021-2030,1.93
IPSL-CM5A-MR,r1i1p1,rcp26,global_mean,Amon,tas,2021-2030,1.66
MIROC5,r1i1p1,rcp26,global_mean,Amon,tas,2021-2030,1.18
MPI-ESM-LR,r1i1p1,rcp26,global_mean,Amon,tas,2021-2030,1.59
MPI-ESM-MR,r1i1p1,rcp26,global_mean,Amon,tas,2021-2030,1.53
MRI-CGCM3,r1i1p1,rcp26,global_mean,Amon,tas,2021-2030,0.90
NorESM1-ME,r1i1p1,rcp26,global_mean,Amon,tas,2021-2030,1.20
NorESM1-M,r1i1p1,rcp26,global_mean,Amon,tas,2021-2030,1.19
bcc-csm1-1-m,r1i1p1,rcp26,global_mean,Amon,tas,2021-2030,1.86
bcc-csm1-1,r1i1p1,rcp26,global_mean,Amon,tas,2021-2030,1.60
BNU-ESM,r1i1p1,rcp26,global_mean,Amon,tas,2031-2040,2.27
CCSM4,r1i1p1,rcp26,global_mean,Amon,tas,2031-2040,1.84
CESM1-CAM5,r1i1p1,rcp26,global_mean,Amon,tas,2031-2040,1.61
CNRM-CM5,r1i1p1,rcp26,global_mean,Amon,tas,2031-2040,1.39
CSIRO-Mk3-6-0,r1i1p1,rcp26,global_mean,Amon,tas,2031-2040,1.53
CanESM2,r1i1p1,rcp26,global_mean,Amon,tas,2031-2040,2.08
EC-EARTH,r8i1p1,rcp26,global_mean,Amon,tas,2031-2040,1.69
FGOALS-g2,r1i1p1,rcp26,global_mean,Amon,tas,2031-2040,1.22
FIO-ESM,r1i1p1,rcp26,global_mean,Amon,tas,2031-2040,1.41
GISS-E2-H,r1i1p1,rcp26,global_mean,Amon,tas,2031-2040,1.56
GISS-E2-R,r1i1p1,rcp26,global_mean,Amon,tas,2031-2040,1.21
IPSL-CM5A-LR,r1i1p1,rcp26,global_mean,Amon,tas,2031-2040,2.05
IPSL-CM5A-MR,r1i1p1,rcp26,global_mean,Amon,tas,2031-2040,1.81
MIROC5,r1i1p1,rcp26,global_mean,Amon,tas,2031-2040,1.27
MPI-ESM-LR,r1i1p1,rcp26,global_mean,Amon,tas,2031-2040,1.70
MPI-ESM-MR,r1i1p1,rcp26,global_mean,Amon,tas,2031-2040,1.64
MRI-CGCM3,r1i1p1,rcp26,global_mean,Amon,tas,2031-2040,1.06
NorESM1-ME,r1i1p1,rcp26,global_mean,Amon,tas,2031-2040,1.33
NorESM1-M,r1i1p1,rcp26,global_mean,Amon,tas,2031-2040,1.31
bcc-csm1-1-m,r1i1p1,rcp26,global_mean,Amon,tas,2031-2040,1.94
bcc-csm1-1,r1i1p1,rcp26,global_mean,Amon,tas,2031-2040,1.79
BNU-ESM,r1i1p1,rcp26,global_mean,Amon,tas,2041-2050,2.25
CCSM4,r1i1p1,rcp26,global_mean,Amon,tas,2041-2050,1.88
CESM1-CAM5,r1i1p1,rcp26,global_mean,Amon,tas,2041-2050,1.75
CNRM-CM5,r1i1p1,rcp26,global_mean,Amon,tas,2041-2050,1.56
CSIRO-Mk3-6-0,r1i1p1,rcp26,global_mean,Amon,tas,2041-2050,1.69
CanESM2,r1i1p1,rcp26,global_mean,Amon,tas,2041-2050,2.28
EC-EARTH,r8i1p1,rcp26,global_mean,Amon,tas,2041-2050,1.78
FGOALS-g2,r1i1p1,rcp26,global_mean,Amon,tas,2041-2050,1.31
FIO-ESM,r1i1p1,rcp26,global_mean,Amon,tas,2041-2050,1.42
GISS-E2-H,r1i1p1,rcp26,global_mean,Amon,tas,2041-2050,1.64
GISS-E2-R,r1i1p1,rcp26,global_mean,Amon,tas,2041-2050,1.28
IPSL-CM5A-LR,r1i1p1,rcp26,global_mean,Amon,tas,2041-2050,2.19
IPSL-CM5A-MR,r1i1p1,rcp26,global_mean,Amon,tas,2041-2050,2.06
MIROC5,r1i1p1,rcp26,global_mean,Amon,tas,2041-2050,1.48
MPI-ESM-LR,r1i1p1,rcp26,global_mean,Amon,tas,2041-2050,1.84
MPI-ESM-MR,r1i1p1,rcp26,global_mean,Amon,tas,2041-2050,1.76
MRI-CGCM3,r1i1p1,rcp26,global_mean,Amon,tas,2041-2050,1.15
NorESM1-ME,r1i1p1,rcp26,global_mean,Amon,tas,2041-2050,1.53
NorESM1-M,r1i1p1,rcp26,global_mean,Amon,tas,2041-2050,1.39
bcc-csm1-1-m,r1i1p1,rcp26,global_mean,Amon,tas,2041-2050,2.02
bcc-csm1-1,r1i1p1,rcp26,global_mean,Amon,tas,2041-2050,1.74
BNU-ESM,r1i1p1,rcp26,global_mean,Amon,tas,2051-2060,2.22
CCSM4,r1i1p1,rcp26,global_mean,Amon,tas,2051-2060,1.88
CESM1-CAM5,r1i1p1,rcp26,global_mean,Amon,tas,2051-2060,1.94
CNRM-CM5,r1i1p1,rcp26,global_mean,Amon,tas,2051-2060,1.65
CSIRO-Mk3-6-0,r1i1p1,rcp26,global_mean,Amon,tas,2051-2060,1.72
CanESM2,r1i1p1,rcp26,global_mean,Amon,tas,2051-2060,2.32
EC-EARTH,r8i1p1,rcp26,global_mean,Amon,tas,2051-2060,1.84
FGOALS-g2,r1i1p1,rcp26,global_mean,Amon,tas,2051-2060,1.32
FIO-ESM,r1i1p1,rcp26,global_mean,Amon,tas,2051-2060,1.27
GISS-E2-H,r1i1p1,rcp26,global_mean,Amon,tas,2051-2060,1.67
GISS-E2-R,r1i1p1,rcp26,global_mean,Amon,tas,2051-2060,1.23
IPSL-CM5A-LR,r1i1p1,rcp26,global_mean,Amon,tas,2051-2060,2.21
IPSL-CM5A-MR,r1i1p1,rcp26,global_mean,Amon,tas,2051-2060,2.01
MIROC5,r1i1p1,rcp26,global_mean,Amon,tas,2051-2060,1.54
MPI-ESM-LR,r1i1p1,rcp26,global_mean,Amon,tas,2051-2060,1.69
MPI-ESM-MR,r1i1p1,rcp26,global_mean,Amon,tas,2051-2060,1.70
MRI-CGCM3,r1i1p1,rcp26,global_mean,Amon,tas,2051-2060,1.22
NorESM1-ME,r1i1p1,rcp26,global_mean,Amon,tas,2051-2060,1.41
NorESM1-M,r1i1p1,rcp26,global_mean,Amon,tas,2051-2060,1.43
bcc-csm1-1-m,r1i1p1,rcp26,global_mean,Amon,tas,2051-2060,2.03
bcc-csm1-1,r1i1p1,rcp26,global_mean,Amon,tas,2051-2060,1.78
BNU-ESM,r1i1p1,rcp26,global_mean,Amon,tas,2061-2070,2.26
CCSM4,r1i1p1,rcp26,global_mean,Amon,tas,2061-2070,1.81
CESM1-CAM5,r1i1p1,rcp26,global_mean,Amon,tas,2061-2070,1.98
CNRM-CM5,r1i1p1,rcp26,global_mean,Amon,tas,2061-2070,1.69
CSIRO-Mk3-6-0,r1i1p1,rcp26,global_mean,Amon,tas,2061-2070,1.78
CanESM2,r1i1p1,rcp26,global_mean,Amon,tas,2061-2070,2.35
EC-EARTH,r8i1p1,rcp26,global_mean,Amon,tas,2061-2070,1.88
FGOALS-g2,r1i1p1,rcp26,global_mean,Amon,tas,2061-2070,1.32
FIO-ESM,r1i1p1,rcp26,global_mean,Amon,tas,2061-2070,1.15
GISS-E2-H,r1i1p1,rcp26,global_mean,Amon,tas,2061-2070,1.68
GISS-E2-R,r1i1p1,rcp26,global_mean,Amon,tas,2061-2070,1.19
IPSL-CM5A-LR,r1i1p1,rcp26,global_mean,Amon,tas,2061-2070,2.30
IPSL-CM5A-MR,r1i1p1,rcp26,global_mean,Amon,tas,2061-2070,2.08
MIROC5,r1i1p1,rcp26,global_mean,Amon,tas,2061-2070,1.54
MPI-ESM-LR,r1i1p1,rcp26,global_mean,Amon,tas,2061-2070,1.76
MPI-ESM-MR,r1i1p1,rcp26,global_mean,Amon,tas,2061-2070,1.74
MRI-CGCM3,r1i1p1,rcp26,global_mean,Amon,tas,2061-2070,1.22
NorESM1-ME,r1i1p1,rcp26,global_mean,Amon,tas,2061-2070,1.46
NorESM1-M,r1i1p1,rcp26,global_mean,Amon,tas,2061-2070,1.41
bcc-csm1-1-m,r1i1p1,rcp26,global_mean,Amon,tas,2061-2070,1.89
bcc-csm1-1,r1i1p1,rcp26,global_mean,Amon,tas,2061-2070,1.89
BNU-ESM,r1i1p1,rcp26,global_mean,Amon,tas,2071-2080,2.18
CCSM4,r1i1p1,rcp26,global_mean,Amon,tas,2071-2080,1.88
CESM1-CAM5,r1i1p1,rcp26,global_mean,Amon,tas,2071-2080,1.99
CNRM-CM5,r1i1p1,rcp26,global_mean,Amon,tas,2071-2080,1.74
CSIRO-Mk3-6-0,r1i1p1,rcp26,global_mean,Amon,tas,2071-2080,1.78
CanESM2,r1i1p1,rcp26,global_mean,Amon,tas,2071-2080,2.24
EC-EARTH,r8i1p1,rcp26,global_mean,Amon,tas,2071-2080,1.93
FGOALS-g2,r1i1p1,rcp26,global_mean,Amon,tas,2071-2080,1.29
FIO-ESM,r1i1p1,rcp26,global_mean,Amon,tas,2071-2080,0.93
GISS-E2-H,r1i1p1,rcp26,global_mean,Amon,tas,2071-2080,1.65
GISS-E2-R,r1i1p1,rcp26,global_mean,Amon,tas,2071-2080,1.12
IPSL-CM5A-LR,r1i1p1,rcp26,global_mean,Amon,tas,2071-2080,2.26
IPSL-CM5A-MR,r1i1p1,rcp26,global_mean,Amon,tas,2071-2080,2.02
MIROC5,r1i1p1,rcp26,global_mean,Amon,tas,2071-2080,1.54
MPI-ESM-LR,r1i1p1,rcp26,global_mean,Amon,tas,2071-2080,1.73
MPI-ESM-MR,r1i1p1,rcp26,global_mean,Amon,tas,2071-2080,1.67
MRI-CGCM3,r1i1p1,rcp26,global_mean,Amon,tas,2071-2080,1.33
NorESM1-ME,r1i1p1,rcp26,global_mean,Amon,tas,2071-2080,1.39
NorESM1-M,r1i1p1,rcp26,global_mean,Amon,tas,2071-2080,1.42
bcc-csm1-1-m,r1i1p1,rcp26,global_mean,Amon,tas,2071-2080,1.85
bcc-csm1-1,r1i1p1,rcp26,global_mean,Amon,tas,2071-2080,1.76
BNU-ESM,r1i1p1,rcp26,global_mean,Amon,tas,2081-2090,2.17
CCSM4,r1i1p1,rcp26,global_mean,Amon,tas,2081-2090,1.84
CESM1-CAM5,r1i1p1,rcp26,global_mean,Amon,tas,2081-2090,2.01
CNRM-CM5,r1i1p1,rcp26,global_mean,Amon,tas,2081-2090,1.64
CSIRO-Mk3-6-0,r1i1p1,rcp26,global_mean,Amon,tas,2081-2090,1.93
CanESM2,r1i1p1,rcp26,global_mean,Amon,tas,2081-2090,2.33
EC-EARTH,r8i1p1,rcp26,global_mean,Amon,tas,2081-2090,1.92
FGOALS-g2,r1i1p1,rcp26,global_mean,Amon,tas,2081-2090,1.15
FIO-ESM,r1i1p1,rcp26,global_mean,Amon,tas,2081-2090,0.93
GISS-E2-H,r1i1p1,rcp26,global_mean,Amon,tas,2081-2090,1.60
GISS-E2-R,r1i1p1,rcp26,global_mean,Amon,tas,2081-2090,1.08
IPSL-CM5A-LR,r1i1p1,rcp26,global_mean,Amon,tas,2081-2090,2.34
IPSL-CM5A-MR,r1i1p1,rcp26,global_mean,Amon,tas,2081-2090,1.93
MIROC5,r1i1p1,rcp26,global_mean,Amon,tas,2081-2090,1.53
MPI-ESM-LR,r1i1p1,rcp26,global_mean,Amon,tas,2081-2090,1.63
MPI-ESM-MR,r1i1p1,rcp26,global_mean,Amon,tas,2081-2090,1.64
MRI-CGCM3,r1i1p1,rcp26,global_mean,Amon,tas,2081-2090,1.40
NorESM1-ME,r1i1p1,rcp26,global_mean,Amon,tas,2081-2090,1.48
NorESM1-M,r1i1p1,rcp26,global_mean,Amon,tas,2081-2090,1.46
bcc-csm1-1-m,r1i1p1,rcp26,global_mean,Amon,tas,2081-2090,1.81
bcc-csm1-1,r1i1p1,rcp26,global_mean,Amon,tas,2081-2090,1.70
BNU-ESM,r1i1p1,rcp26,global_mean,Amon,tas,2091-2100,2.30
CCSM4,r1i1p1,rcp26,global_mean,Amon,tas,2091-2100,1.85
CESM1-CAM5,r1i1p1,rcp26,global_mean,Amon,tas,2091-2100,2.01
CNRM-CM5,r1i1p1,rcp26,global_mean,Amon,tas,2091-2100,1.67
CSIRO-Mk3-6-0,r1i1p1,rcp26,global_mean,Amon,tas,2091-2100,1.97
CanESM2,r1i1p1,rcp26,global_mean,Amon,tas,2091-2100,2.28
EC-EARTH,r8i1p1,rcp26,global_mean,Amon,tas,2091-2100,1.81
FGOALS-g2,r1i1p1,rcp26,global_mean,Amon,tas,2091-2100,1.11
FIO-ESM,r1i1p1,rcp26,global_mean,Amon,tas,2091-2100,0.82
GISS-E2-H,r1i1p1,rcp26,global_mean,Amon,tas,2091-2100,1.56
GISS-E2-R,r1i1p1,rcp26,global_mean,Amon,tas,2091-2100,1.04
IPSL-CM5A-LR,r1i1p1,rcp26,global_mean,Amon,tas,2091-2100,2.28
IPSL-CM5A-MR,r1i1p1,rcp26,global_mean,Amon,tas,2091-2100,1.97
MIROC5,r1i1p1,rcp26,global_mean,Amon,tas,2091-2100,1.49
MPI-ESM-LR,r1i1p1,rcp26,global_mean,Amon,tas,2091-2100,1.62
MPI-ESM-MR,r1i1p1,rcp26,global_mean,Amon,tas,2091-2100,1.65
MRI-CGCM3,r1i1p1,rcp26,global_mean,Amon,tas,2091-2100,1.35
NorESM1-ME,r1i1p1,rcp26,global_mean,Amon,tas,2091-2100,1.52
NorESM1-M,r1i1p1,rcp26,global_mean,Amon,tas,2091-2100,1.39
bcc-csm1-1-m,r1i1p1,rcp26,global_mean,Amon,tas,2091-2100,1.78
bcc-csm1-1,r1i1p1,rcp26,global_mean,Amon,tas,2091-2100,1.88
ACCESS1-0,r1i1p1,rcp45,global_mean,Amon,tas,2021-2040,1.49
ACCESS1-3,r1i1p1,rcp45,global_mean,Amon,tas,2021-2040,1.33
BNU-ESM,r1i1p1,rcp45,global_mean,Amon,tas,2021-2040,2.21
CCSM4,r1i1p1,rcp45,global_mean,Amon,tas,2021-2040,1.79
CESM1-BGC,r1i1p1,rcp45,global_mean,Amon,tas,2021-2040,1.72
CESM1-CAM5,r1i1p1,rcp45,global_mean,Amon,tas,2021-2040,1.54
CMCC-CMS,r1i1p1,rcp45,global_mean,Amon,tas,2021-2040,1.39
CMCC-CM,r1i1p1,rcp45,global_mean,Amon,tas,2021-2040,1.41
CNRM-CM5,r1i1p1,rcp45,global_mean,Amon,tas,2021-2040,1.35
CSIRO-Mk3-6-0,r1i1p1,rcp45,global_mean,Amon,tas,2021-2040,1.34
CanESM2,r1i1p1,rcp45,global_mean,Amon,tas,2021-2040,1.99
EC-EARTH,r1i1p1,rcp45,global_mean,Amon,tas,2021-2040,1.70
FGOALS-g2,r1i1p1,rcp45,global_mean,Amon,tas,2021-2040,1.36
FIO-ESM,r1i1p1,rcp45,global_mean,Amon,tas,2021-2040,1.45
GISS-E2-H-CC,r1i1p1,rcp45,global_mean,Amon,tas,2021-2040,1.78
GISS-E2-H,r1i1p1,rcp45,global_mean,Amon,tas,2021-2040,1.68
GISS-E2-R-CC,r1i1p1,rcp45,global_mean,Amon,tas,2021-2040,1.39
GISS-E2-R,r1i1p1,rcp45,global_mean,Amon,tas,2021-2040,1.29
IPSL-CM5A-LR,r1i1p1,rcp45,global_mean,Amon,tas,2021-2040,2.03
IPSL-CM5A-MR,r1i1p1,rcp45,global_mean,Amon,tas,2021-2040,1.93
IPSL-CM5B-LR,r1i1p1,rcp45,global_mean,Amon,tas,2021-2040,1.62
MIROC5,r1i1p1,rcp45,global_mean,Amon,tas,2021-2040,1.28
MPI-ESM-LR,r1i1p1,rcp45,global_mean,Amon,tas,2021-2040,1.70
MPI-ESM-MR,r1i1p1,rcp45,global_mean,Amon,tas,2021-2040,1.64
MRI-CGCM3,r1i1p1,rcp45,global_mean,Amon,tas,2021-2040,1.10
NorESM1-ME,r1i1p1,rcp45,global_mean,Amon,tas,2021-2040,1.27
NorESM1-M,r1i1p1,rcp45,global_mean,Amon,tas,2021-2040,1.31
bcc-csm1-1-m,r1i1p1,rcp45,global_mean,Amon,tas,2021-2040,1.93
bcc-csm1-1,r1i1p1,rcp45,global_mean,Amon,tas,2021-2040,1.76
inmcm4,r1i1p1,rcp45,global_mean,Amon,tas,2021-2040,1.06
ACCESS1-0,r1i1p1,rcp45,global_mean,Amon,tas,2041-2060,1.97
ACCESS1-3,r1i1p1,rcp45,global_mean,Amon,tas,2041-2060,1.89
BNU-ESM,r1i1p1,rcp45,global_mean,Amon,tas,2041-2060,2.69
CCSM4,r1i1p1,rcp45,global_mean,Amon,tas,2041-2060,2.18
CESM1-BGC,r1i1p1,rcp45,global_mean,Amon,tas,2041-2060,2.17
CESM1-CAM5,r1i1p1,rcp45,global_mean,Amon,tas,2041-2060,2.11
CMCC-CMS,r1i1p1,rcp45,global_mean,Amon,tas,2041-2060,1.96
CMCC-CM,r1i1p1,rcp45,global_mean,Amon,tas,2041-2060,2.01
CNRM-CM5,r1i1p1,rcp45,global_mean,Amon,tas,2041-2060,1.84
CSIRO-Mk3-6-0,r1i1p1,rcp45,global_mean,Amon,tas,2041-2060,2.10
CanESM2,r1i1p1,rcp45,global_mean,Amon,tas,2041-2060,2.53
EC-EARTH,r1i1p1,rcp45,global_mean,Amon,tas,2041-2060,2.13
FGOALS-g2,r1i1p1,rcp45,global_mean,Amon,tas,2041-2060,1.70
FIO-ESM,r1i1p1,rcp45,global_mean,Amon,tas,2041-2060,1.68
GISS-E2-H-CC,r1i1p1,rcp45,global_mean,Amon,tas,2041-2060,2.13
GISS-E2-H,r1i1p1,rcp45,global_mean,Amon,tas,2041-2060,2.04
GISS-E2-R-CC,r1i1p1,rcp45,global_mean,Amon,tas,2041-2060,1.68
GISS-E2-R,r1i1p1,rcp45,global_mean,Amon,tas,2041-2060,1.59
IPSL-CM5A-LR,r1i1p1,rcp45,global_mean,Amon,tas,2041-2060,2.62
IPSL-CM5A-MR,r1i1p1,rcp45,global_mean,Amon,tas,2041-2060,2.40
IPSL-CM5B-LR,r1i1p1,rcp45,global_mean,Amon,tas,2041-2060,2.05
MIROC5,r1i1p1,rcp45,global_mean,Amon,tas,2041-2060,1.72
MPI-ESM-LR,r1i1p1,rcp45,global_mean,Amon,tas,2041-2060,2.08
MPI-ESM-MR,r1i1p1,rcp45,global_mean,Amon,tas,2041-2060,2.12
MRI-CGCM3,r1i1p1,rcp45,global_mean,Amon,tas,2041-2060,1.45
NorESM1-ME,r1i1p1,rcp45,global_mean,Amon,tas,2041-2060,1.74
NorESM1-M,r1i1p1,rcp45,global_mean,Amon,tas,2041-2060,1.68
bcc-csm1-1-m,r1i1p1,rcp45,global_mean,Amon,tas,2041-2060,2.15
bcc-csm1-1,r1i1p1,rcp45,global_mean,Amon,tas,2041-2060,2.12
inmcm4,r1i1p1,rcp45,global_mean,Amon,tas,2041-2060,1.36
ACCESS1-0,r1i1p1,rcp45,global_mean,Amon,tas,2081-2100,2.78
ACCESS1-3,r1i1p1,rcp45,global_mean,Amon,tas,2081-2100,2.55
BNU-ESM,r1i1p1,rcp45,global_mean,Amon,tas,2081-2100,3.25
CCSM4,r1i1p1,rcp45,global_mean,Amon,tas,2081-2100,2.63
CESM1-BGC,r1i1p1,rcp45,global_mean,Amon,tas,2081-2100,2.48
CESM1-CAM5,r1i1p1,rcp45,global_mean,Amon,tas,2081-2100,2.90
CMCC-CMS,r1i1p1,rcp45,global_mean,Amon,tas,2081-2100,2.70
CMCC-CM,r1i1p1,rcp45,global_mean,Amon,tas,2081-2100,2.72
CNRM-CM5,r1i1p1,rcp45,global_mean,Amon,tas,2081-2100,2.54
CSIRO-Mk3-6-0,r1i1p1,rcp45,global_mean,Amon,tas,2081-2100,2.72
CanESM2,r1i1p1,rcp45,global_mean,Amon,tas,2081-2100,3.11
EC-EARTH,r1i1p1,rcp45,global_mean,Amon,tas,2081-2100,2.68
FGOALS-g2,r1i1p1,rcp45,global_mean,Amon,tas,2081-2100,1.91
FIO-ESM,r1i1p1,rcp45,global_mean,Amon,tas,2081-2100,1.86
GISS-E2-H-CC,r1i1p1,rcp45,global_mean,Amon,tas,2081-2100,2.37
GISS-E2-H,r1i1p1,rcp45,global_mean,Amon,tas,2081-2100,2.40
GISS-E2-R-CC,r1i1p1,rcp45,global_mean,Amon,tas,2081-2100,1.87
GISS-E2-R,r1i1p1,rcp45,global_mean,Amon,tas,2081-2100,1.81
IPSL-CM5A-LR,r1i1p1,rcp45,global_mean,Amon,tas,2081-2100,3.21
IPSL-CM5A-MR,r1i1p1,rcp45,global_mean,Amon,tas,2081-2100,3.12
IPSL-CM5B-LR,r1i1p1,rcp45,global_mean,Amon,tas,2081-2100,2.53
MIROC5,r1i1p1,rcp45,global_mean,Amon,tas,2081-2100,2.19
MPI-ESM-LR,r1i1p1,rcp45,global_mean,Amon,tas,2081-2100,2.51
MPI-ESM-MR,r1i1p1,rcp45,global_mean,Amon,tas,2081-2100,2.57
MRI-CGCM3,r1i1p1,rcp45,global_mean,Amon,tas,2081-2100,2.09
NorESM1-ME,r1i1p1,rcp45,global_mean,Amon,tas,2081-2100,2.23
NorESM1-M,r1i1p1,rcp45,global_mean,Amon,tas,2081-2100,2.18
bcc-csm1-1-m,r1i1p1,rcp45,global_mean,Amon,tas,2081-2100,2.48
bcc-csm1-1,r1i1p1,rcp45,global_mean,Amon,tas,2081-2100,2.53
inmcm4,r1i1p1,rcp45,global_mean,Amon,tas,2081-2100,1.83
ACCESS1-0,r1i1p1,rcp45,global_mean,Amon,tas,2016-2035,1.40
ACCESS1-3,r1i1p1,rcp45,global_mean,Amon,tas,2016-2035,1.21
BNU-ESM,r1i1p1,rcp45,global_mean,Amon,tas,2016-2035,2.09
CCSM4,r1i1p1,rcp45,global_mean,Amon,tas,2016-2035,1.66
CESM1-BGC,r1i1p1,rcp45,global_mean,Amon,tas,2016-2035,1.62
CESM1-CAM5,r1i1p1,rcp45,global_mean,Amon,tas,2016-2035,1.37
CMCC-CMS,r1i1p1,rcp45,global_mean,Amon,tas,2016-2035,1.26
CMCC-CM,r1i1p1,rcp45,global_mean,Amon,tas,2016-2035,1.28
CNRM-CM5,r1i1p1,rcp45,global_mean,Amon,tas,2016-2035,1.24
CSIRO-Mk3-6-0,r1i1p1,rcp45,global_mean,Amon,tas,2016-2035,1.17
CanESM2,r1i1p1,rcp45,global_mean,Amon,tas,2016-2035,1.78
EC-EARTH,r1i1p1,rcp45,global_mean,Amon,tas,2016-2035,1.59
FGOALS-g2,r1i1p1,rcp45,global_mean,Amon,tas,2016-2035,1.24
FIO-ESM,r1i1p1,rcp45,global_mean,Amon,tas,2016-2035,1.34
GISS-E2-H-CC,r1i1p1,rcp45,global_mean,Amon,tas,2016-2035,1.69
GISS-E2-H,r1i1p1,rcp45,global_mean,Amon,tas,2016-2035,1.59
GISS-E2-R-CC,r1i1p1,rcp45,global_mean,Amon,tas,2016-2035,1.31
GISS-E2-R,r1i1p1,rcp45,global_mean,Amon,tas,2016-2035,1.19
IPSL-CM5A-LR,r1i1p1,rcp45,global_mean,Amon,tas,2016-2035,1.86
IPSL-CM5A-MR,r1i1p1,rcp45,global_mean,Amon,tas,2016-2035,1.79
IPSL-CM5B-LR,r1i1p1,rcp45,global_mean,Amon,tas,2016-2035,1.48
MIROC5,r1i1p1,rcp45,global_mean,Amon,tas,2016-2035,1.15
MPI-ESM-LR,r1i1p1,rcp45,global_mean,Amon,tas,2016-2035,1.56
MPI-ESM-MR,r1i1p1,rcp45,global_mean,Amon,tas,2016-2035,1.54
MRI-CGCM3,r1i1p1,rcp45,global_mean,Amon,tas,2016-2035,0.98
NorESM1-ME,r1i1p1,rcp45,global_mean,Amon,tas,2016-2035,1.17
NorESM1-M,r1i1p1,rcp45,global_mean,Amon,tas,2016-2035,1.18
bcc-csm1-1-m,r1i1p1,rcp45,global_mean,Amon,tas,2016-2035,1.84
bcc-csm1-1,r1i1p1,rcp45,global_mean,Amon,tas,2016-2035,1.62
inmcm4,r1i1p1,rcp45,global_mean,Amon,tas,2016-2035,0.96
ACCESS1-0,r1i1p1,rcp45,global_mean,Amon,tas,2046-2065,2.12
ACCESS1-3,r1i1p1,rcp45,global_mean,Amon,tas,2046-2065,2.04
BNU-ESM,r1i1p1,rcp45,global_mean,Amon,tas,2046-2065,2.85
CCSM4,r1i1p1,rcp45,global_mean,Amon,tas,2046-2065,2.28
CESM1-BGC,r1i1p1,rcp45,global_mean,Amon,tas,2046-2065,2.26
CESM1-CAM5,r1i1p1,rcp45,global_mean,Amon,tas,2046-2065,2.21
CMCC-CMS,r1i1p1,rcp45,global_mean,Amon,tas,2046-2065,2.07
CMCC-CM,r1i1p1,rcp45,global_mean,Amon,tas,2046-2065,2.14
CNRM-CM5,r1i1p1,rcp45,global_mean,Amon,tas,2046-2065,1.97
CSIRO-Mk3-6-0,r1i1p1,rcp45,global_mean,Amon,tas,2046-2065,2.21
CanESM2,r1i1p1,rcp45,global_mean,Amon,tas,2046-2065,2.66
EC-EARTH,r1i1p1,rcp45,global_mean,Amon,tas,2046-2065,2.20
FGOALS-g2,r1i1p1,rcp45,global_mean,Amon,tas,2046-2065,1.73
FIO-ESM,r1i1p1,rcp45,global_mean,Amon,tas,2046-2065,1.72
GISS-E2-H-CC,r1i1p1,rcp45,global_mean,Amon,tas,2046-2065,2.19
GISS-E2-H,r1i1p1,rcp45,global_mean,Amon,tas,2046-2065,2.13
GISS-E2-R-CC,r1i1p1,rcp45,global_mean,Amon,tas,2046-2065,1.72
GISS-E2-R,r1i1p1,rcp45,global_mean,Amon,tas,2046-2065,1.67
IPSL-CM5A-LR,r1i1p1,rcp45,global_mean,Amon,tas,2046-2065,2.78
IPSL-CM5A-MR,r1i1p1,rcp45,global_mean,Amon,tas,2046-2065,2.52
IPSL-CM5B-LR,r1i1p1,rcp45,global_mean,Amon,tas,2046-2065,2.15
MIROC5,r1i1p1,rcp45,global_mean,Amon,tas,2046-2065,1.78
MPI-ESM-LR,r1i1p1,rcp45,global_mean,Amon,tas,2046-2065,2.16
MPI-ESM-MR,r1i1p1,rcp45,global_mean,Amon,tas,2046-2065,2.24
MRI-CGCM3,r1i1p1,rcp45,global_mean,Amon,tas,2046-2065,1.54
NorESM1-ME,r1i1p1,rcp45,global_mean,Amon,tas,2046-2065,1.83
NorESM1-M,r1i1p1,rcp45,global_mean,Amon,tas,2046-2065,1.74
bcc-csm1-1-m,r1i1p1,rcp45,global_mean,Amon,tas,2046-2065,2.19
bcc-csm1-1,r1i1p1,rcp45,global_mean,Amon,tas,2046-2065,2.19
inmcm4,r1i1p1,rcp45,global_mean,Amon,tas,2046-2065,1.44
ACCESS1-0,r1i1p1,rcp45,global_mean,Amon,tas,2011-2020,1.19
ACCESS1-3,r1i1p1,rcp45,global_mean,Amon,tas,2011-2020,0.97
BNU-ESM,r1i1p1,rcp45,global_mean,Amon,tas,2011-2020,1.74
CCSM4,r1i1p1,rcp45,global_mean,Amon,tas,2011-2020,1.46
CESM1-BGC,r1i1p1,rcp45,global_mean,Amon,tas,2011-2020,1.41
CESM1-CAM5,r1i1p1,rcp45,global_mean,Amon,tas,2011-2020,1.06
CMCC-CMS,r1i1p1,rcp45,global_mean,Amon,tas,2011-2020,0.96
CMCC-CM,r1i1p1,rcp45,global_mean,Amon,tas,2011-2020,1.05
CNRM-CM5,r1i1p1,rcp45,global_mean,Amon,tas,2011-2020,1.05
CSIRO-Mk3-6-0,r1i1p1,rcp45,global_mean,Amon,tas,2011-2020,0.93
CanESM2,r1i1p1,rcp45,global_mean,Amon,tas,2011-2020,1.42
EC-EARTH,r1i1p1,rcp45,global_mean,Amon,tas,2011-2020,1.34
FGOALS-g2,r1i1p1,rcp45,global_mean,Amon,tas,2011-2020,0.99
FIO-ESM,r1i1p1,rcp45,global_mean,Amon,tas,2011-2020,1.18
GISS-E2-H-CC,r1i1p1,rcp45,global_mean,Amon,tas,2011-2020,1.49
GISS-E2-H,r1i1p1,rcp45,global_mean,Amon,tas,2011-2020,1.36
GISS-E2-R-CC,r1i1p1,rcp45,global_mean,Amon,tas,2011-2020,1.10
GISS-E2-R,r1i1p1,rcp45,global_mean,Amon,tas,2011-2020,1.07
IPSL-CM5A-LR,r1i1p1,rcp45,global_mean,Amon,tas,2011-2020,1.56
IPSL-CM5A-MR,r1i1p1,rcp45,global_mean,Amon,tas,2011-2020,1.49
IPSL-CM5B-LR,r1i1p1,rcp45,global_mean,Amon,tas,2011-2020,1.24
MIROC5,r1i1p1,rcp45,global_mean,Amon,tas,2011-2020,0.92
MPI-ESM-LR,r1i1p1,rcp45,global_mean,Amon,tas,2011-2020,1.45
MPI-ESM-MR,r1i1p1,rcp45,global_mean,Amon,tas,2011-2020,1.29
MRI-CGCM3,r1i1p1,rcp45,global_mean,Amon,tas,2011-2020,0.70
NorESM1-ME,r1i1p1,rcp45,global_mean,Amon,tas,2011-2020,0.98
NorESM1-M,r1i1p1,rcp45,global_mean,Amon,tas,2011-2020,0.94
bcc-csm1-1-m,r1i1p1,rcp45,global_mean,Amon,tas,2011-2020,1.60
bcc-csm1-1,r1i1p1,rcp45,global_mean,Amon,tas,2011-2020,1.33
inmcm4,r1i1p1,rcp45,global_mean,Amon,tas,2011-2020,0.80
ACCESS1-0,r1i1p1,rcp45,global_mean,Amon,tas,2021-2030,1.34
ACCESS1-3,r1i1p1,rcp45,global_mean,Amon,tas,2021-2030,1.23
BNU-ESM,r1i1p1,rcp45,global_mean,Amon,tas,2021-2030,2.12
CCSM4,r1i1p1,rcp45,global_mean,Amon,tas,2021-2030,1.64
CESM1-BGC,r1i1p1,rcp45,global_mean,Amon,tas,2021-2030,1.64
CESM1-CAM5,r1i1p1,rcp45,global_mean,Amon,tas,2021-2030,1.35
CMCC-CMS,r1i1p1,rcp45,global_mean,Amon,tas,2021-2030,1.24
CMCC-CM,r1i1p1,rcp45,global_mean,Amon,tas,2021-2030,1.29
CNRM-CM5,r1i1p1,rcp45,global_mean,Amon,tas,2021-2030,1.21
CSIRO-Mk3-6-0,r1i1p1,rcp45,global_mean,Amon,tas,2021-2030,1.15
CanESM2,r1i1p1,rcp45,global_mean,Amon,tas,2021-2030,1.82
EC-EARTH,r1i1p1,rcp45,global_mean,Amon,tas,2021-2030,1.60
FGOALS-g2,r1i1p1,rcp45,global_mean,Amon,tas,2021-2030,1.26
FIO-ESM,r1i1p1,rcp45,global_mean,Amon,tas,2021-2030,1.37
GISS-E2-H-CC,r1i1p1,rcp45,global_mean,Amon,tas,2021-2030,1.68
GISS-E2-H,r1i1p1,rcp45,global_mean,Amon,tas,2021-2030,1.59
GISS-E2-R-CC,r1i1p1,rcp45,global_mean,Amon,tas,2021-2030,1.32
GISS-E2-R,r1i1p1,rcp45,global_mean,Amon,tas,2021-2030,1.17
IPSL-CM5A-LR,r1i1p1,rcp45,global_mean,Amon,tas,2021-2030,1.84
IPSL-CM5A-MR,r1i1p1,rcp45,global_mean,Amon,tas,2021-2030,1.79
IPSL-CM5B-LR,r1i1p1,rcp45,global_mean,Amon,tas,2021-2030,1.48
MIROC5,r1i1p1,rcp45,global_mean,Amon,tas,2021-2030,1.14
MPI-ESM-LR,r1i1p1,rcp45,global_mean,Amon,tas,2021-2030,1.51
MPI-ESM-MR,r1i1p1,rcp45,global_mean,Amon,tas,2021-2030,1.57
MRI-CGCM3,r1i1p1,rcp45,global_mean,Amon,tas,2021-2030,1.03
NorESM1-ME,r1i1p1,rcp45,global_mean,Amon,tas,2021-2030,1.17
NorESM1-M,r1i1p1,rcp45,global_mean,Amon,tas,2021-2030,1.20
bcc-csm1-1-m,r1i1p1,rcp45,global_mean,Amon,tas,2021-2030,1.81
bcc-csm1-1,r1i1p1,rcp45,global_mean,Amon,tas,2021-2030,1.64
inmcm4,r1i1p1,rcp45,global_mean,Amon,tas,2021-2030,0.97
ACCESS1-0,r1i1p1,rcp45,global_mean,Amon,tas,2031-2040,1.63
ACCESS1-3,r1i1p1,rcp45,global_mean,Amon,tas,2031-2040,1.44
BNU-ESM,r1i1p1,rcp45,global_mean,Amon,tas,2031-2040,2.30
CCSM4,r1i1p1,rcp45,global_mean,Amon,tas,2031-2040,1.93
CESM1-BGC,r1i1p1,rcp45,global_mean,Amon,tas,2031-2040,1.79
CESM1-CAM5,r1i1p1,rcp45,global_mean,Amon,tas,2031-2040,1.73
CMCC-CMS,r1i1p1,rcp45,global_mean,Amon,tas,2031-2040,1.54
CMCC-CM,r1i1p1,rcp45,global_mean,Amon,tas,2031-2040,1.53
CNRM-CM5,r1i1p1,rcp45,global_mean,Amon,tas,2031-2040,1.48
CSIRO-Mk3-6-0,r1i1p1,rcp45,global_mean,Amon,tas,2031-2040,1.54
CanESM2,r1i1p1,rcp45,global_mean,Amon,tas,2031-2040,2.15
EC-EARTH,r1i1p1,rcp45,global_mean,Amon,tas,2031-2040,1.80
FGOALS-g2,r1i1p1,rcp45,global_mean,Amon,tas,2031-2040,1.46
FIO-ESM,r1i1p1,rcp45,global_mean,Amon,tas,2031-2040,1.54
GISS-E2-H-CC,r1i1p1,rcp45,global_mean,Amon,tas,2031-2040,1.87
GISS-E2-H,r1i1p1,rcp45,global_mean,Amon,tas,2031-2040,1.77
GISS-E2-R-CC,r1i1p1,rcp45,global_mean,Amon,tas,2031-2040,1.46
GISS-E2-R,r1i1p1,rcp45,global_mean,Amon,tas,2031-2040,1.41
IPSL-CM5A-LR,r1i1p1,rcp45,global_mean,Amon,tas,2031-2040,2.22
IPSL-CM5A-MR,r1i1p1,rcp45,global_mean,Amon,tas,2031-2040,2.08
IPSL-CM5B-LR,r1i1p1,rcp45,global_mean,Amon,tas,2031-2040,1.75
MIROC5,r1i1p1,rcp45,global_mean,Amon,tas,2031-2040,1.42
MPI-ESM-LR,r1i1p1,rcp45,global_mean,Amon,tas,2031-2040,1.89
MPI-ESM-MR,r1i1p1,rcp45,global_mean,Amon,tas,2031-2040,1.70
MRI-CGCM3,r1i1p1,rcp45,global_mean,Amon,tas,2031-2040,1.16
NorESM1-ME,r1i1p1,rcp45,global_mean,Amon,tas,2031-2040,1.36
NorESM1-M,r1i1p1,rcp45,global_mean,Amon,tas,2031-2040,1.42
bcc-csm1-1-m,r1i1p1,rcp45,global_mean,Amon,tas,2031-2040,2.05
bcc-csm1-1,r1i1p1,rcp45,global_mean,Amon,tas,2031-2040,1.88
inmcm4,r1i1p1,rcp45,global_mean,Amon,tas,2031-2040,1.15
ACCESS1-0,r1i1p1,rcp45,global_mean,Amon,tas,2041-2050,1.81
ACCESS1-3,r1i1p1,rcp45,global_mean,Amon,tas,2041-2050,1.73
BNU-ESM,r1i1p1,rcp45,global_mean,Amon,tas,2041-2050,2.60
CCSM4,r1i1p1,rcp45,global_mean,Amon,tas,2041-2050,2.14
CESM1-BGC,r1i1p1,rcp45,global_mean,Amon,tas,2041-2050,2.06
CESM1-CAM5,r1i1p1,rcp45,global_mean,Amon,tas,2041-2050,1.99
CMCC-CMS,r1i1p1,rcp45,global_mean,Amon,tas,2041-2050,1.85
CMCC-CM,r1i1p1,rcp45,global_mean,Amon,tas,2041-2050,1.86
CNRM-CM5,r1i1p1,rcp45,global_mean,Amon,tas,2041-2050,1.71
CSIRO-Mk3-6-0,r1i1p1,rcp45,global_mean,Amon,tas,2041-2050,1.90
CanESM2,r1i1p1,rcp45,global_mean,Amon,tas,2041-2050,2.41
EC-EARTH,r1i1p1,rcp45,global_mean,Amon,tas,2041-2050,2.06
FGOALS-g2,r1i1p1,rcp45,global_mean,Amon,tas,2041-2050,1.62
FIO-ESM,r1i1p1,rcp45,global_mean,Amon,tas,2041-2050,1.64
GISS-E2-H-CC,r1i1p1,rcp45,global_mean,Amon,tas,2041-2050,2.05
GISS-E2-H,r1i1p1,rcp45,global_mean,Amon,tas,2041-2050,1.94
GISS-E2-R-CC,r1i1p1,rcp45,global_mean,Amon,tas,2041-2050,1.61
GISS-E2-R,r1i1p1,rcp45,global_mean,Amon,tas,2041-2050,1.53
IPSL-CM5A-LR,r1i1p1,rcp45,global_mean,Amon,tas,2041-2050,2.50
IPSL-CM5A-MR,r1i1p1,rcp45,global_mean,Amon,tas,2041-2050,2.26
IPSL-CM5B-LR,r1i1p1,rcp45,global_mean,Amon,tas,2041-2050,1.96
MIROC5,r1i1p1,rcp45,global_mean,Amon,tas,2041-2050,1.65
MPI-ESM-LR,r1i1p1,rcp45,global_mean,Amon,tas,2041-2050,2.01
MPI-ESM-MR,r1i1p1,rcp45,global_mean,Amon,tas,2041-2050,2.04
MRI-CGCM3,r1i1p1,rcp45,global_mean,Amon,tas,2041-2050,1.35
NorESM1-ME,r1i1p1,rcp45,global_mean,Amon,tas,2041-2050,1.61
NorESM1-M,r1i1p1,rcp45,global_mean,Amon,tas,2041-2050,1.61
bcc-csm1-1-m,r1i1p1,rcp45,global_mean,Amon,tas,2041-2050,2.13
bcc-csm1-1,r1i1p1,rcp45,global_mean,Amon,tas,2041-2050,2.04
inmcm4,r1i1p1,rcp45,global_mean,Amon,tas,2041-2050,1.28
ACCESS1-0,r1i1p1,rcp45,global_mean,Amon,tas,2051-2060,2.13
ACCESS1-3,r1i1p1,rcp45,global_mean,Amon,tas,2051-2060,2.04
BNU-ESM,r1i1p1,rcp45,global_mean,Amon,tas,2051-2060,2.78
CCSM4,r1i1p1,rcp45,global_mean,Amon,tas,2051-2060,2.22
CESM1-BGC,r1i1p1,rcp45,global_mean,Amon,tas,2051-2060,2.28
CESM1-CAM5,r1i1p1,rcp45,global_mean,Amon,tas,2051-2060,2.23
CMCC-CMS,r1i1p1,rcp45,global_mean,Amon,tas,2051-2060,2.08
CMCC-CM,r1i1p1,rcp45,global_mean,Amon,tas,2051-2060,2.16
CNRM-CM5,r1i1p1,rcp45,global_mean,Amon,tas,2051-2060,1.97
CSIRO-Mk3-6-0,r1i1p1,rcp45,global_mean,Amon,tas,2051-2060,2.30
CanESM2,r1i1p1,rcp45,global_mean,Amon,tas,2051-2060,2.65
EC-EARTH,r1i1p1,rcp45,global_mean,Amon,tas,2051-2060,2.19
FGOALS-g2,r1i1p1,rcp45,global_mean,Amon,tas,2051-2060,1.78
FIO-ESM,r1i1p1,rcp45,global_mean,Amon,tas,2051-2060,1.71
GISS-E2-H-CC,r1i1p1,rcp45,global_mean,Amon,tas,2051-2060,2.22
GISS-E2-H,r1i1p1,rcp45,global_mean,Amon,tas,2051-2060,2.13
GISS-E2-R-CC,r1i1p1,rcp45,global_mean,Amon,tas,2051-2060,1.75
GISS-E2-R,r1i1p1,rcp45,global_mean,Amon,tas,2051-2060,1.65
IPSL-CM5A-LR,r1i1p1,rcp45,global_mean,Amon,tas,2051-2060,2.74
IPSL-CM5A-MR,r1i1p1,rcp45,global_mean,Amon,tas,2051-2060,2.53
IPSL-CM5B-LR,r1i1p1,rcp45,global_mean,Amon,tas,2051-2060,2.14
MIROC5,r1i1p1,rcp45,global_mean,Amon,tas,2051-2060,1.78
MPI-ESM-LR,r1i1p1,rcp45,global_mean,Amon,tas,2051-2060,2.15
MPI-ESM-MR,r1i1p1,rcp45,global_mean,Amon,tas,2051-2060,2.21
MRI-CGCM3,r1i1p1,rcp45,global_mean,Amon,tas,2051-2060,1.54
NorESM1-ME,r1i1p1,rcp45,global_mean,Amon,tas,2051-2060,1.87
NorESM1-M,r1i1p1,rcp45,global_mean,Amon,tas,2051-2060,1.75
bcc-csm1-1-m,r1i1p1,rcp45,global_mean,Amon,tas,2051-2060,2.18
bcc-csm1-1,r1i1p1,rcp45,global_mean,Amon,tas,2051-2060,2.20
inmcm4,r1i1p1,rcp45,global_mean,Amon,tas,2051-2060,1.45
ACCESS1-0,r1i1p1,rcp45,global_mean,Amon,tas,2061-2070,2.34
ACCESS1-3,r1i1p1,rcp45,global_mean,Amon,tas,2061-2070,2.25
BNU-ESM,r1i1p1,rcp45,global_mean,Amon,tas,2061-2070,3.10
CCSM4,r1i1p1,rcp45,global_mean,Amon,tas,2061-2070,2.49
CESM1-BGC,r1i1p1,rcp45,global_mean,Amon,tas,2061-2070,2.39
CESM1-CAM5,r1i1p1,rcp45,global_mean,Amon,tas,2061-2070,2.49
CMCC-CMS,r1i1p1,rcp45,global_mean,Amon,tas,2061-2070,2.31
CMCC-CM,r1i1p1,rcp45,global_mean,Amon,tas,2061-2070,2.38
CNRM-CM5,r1i1p1,rcp45,global_mean,Amon,tas,2061-2070,2.14
CSIRO-Mk3-6-0,r1i1p1,rcp45,global_mean,Amon,tas,2061-2070,2.42
CanESM2,r1i1p1,rcp45,global_mean,Amon,tas,2061-2070,2.85
EC-EARTH,r1i1p1,rcp45,global_mean,Amon,tas,2061-2070,2.41
FGOALS-g2,r1i1p1,rcp45,global_mean,Amon,tas,2061-2070,1.79
FIO-ESM,r1i1p1,rcp45,global_mean,Amon,tas,2061-2070,1.78
GISS-E2-H-CC,r1i1p1,rcp45,global_mean,Amon,tas,2061-2070,2.27
GISS-E2-H,r1i1p1,rcp45,global_mean,Amon,tas,2061-2070,2.24
GISS-E2-R-CC,r1i1p1,rcp45,global_mean,Amon,tas,2061-2070,1.72
GISS-E2-R,r1i1p1,rcp45,global_mean,Amon,tas,2061-2070,1.74
IPSL-CM5A-LR,r1i1p1,rcp45,global_mean,Amon,tas,2061-2070,3.00
IPSL-CM5A-MR,r1i1p1,rcp45,global_mean,Amon,tas,2061-2070,2.76
IPSL-CM5B-LR,r1i1p1,rcp45,global_mean,Amon,tas,2061-2070,2.37
MIROC5,r1i1p1,rcp45,global_mean,Amon,tas,2061-2070,1.92
MPI-ESM-LR,r1i1p1,rcp45,global_mean,Amon,tas,2061-2070,2.34
MPI-ESM-MR,r1i1p1,rcp45,global_mean,Amon,tas,2061-2070,2.39
MRI-CGCM3,r1i1p1,rcp45,global_mean,Amon,tas,2061-2070,1.64
NorESM1-ME,r1i1p1,rcp45,global_mean,Amon,tas,2061-2070,1.94
NorESM1-M,r1i1p1,rcp45,global_mean,Amon,tas,2061-2070,1.90
bcc-csm1-1-m,r1i1p1,rcp45,global_mean,Amon,tas,2061-2070,2.35
bcc-csm1-1,r1i1p1,rcp45,global_mean,Amon,tas,2061-2070,2.32
inmcm4,r1i1p1,rcp45,global_mean,Amon,tas,2061-2070,1.57
ACCESS1-0,r1i1p1,rcp45,global_mean,Amon,tas,2071-2080,2.58
ACCESS1-3,r1i1p1,rcp45,global_mean,Amon,tas,2071-2080,2.37
BNU-ESM,r1i1p1,rcp45,global_mean,Amon,tas,2071-2080,3.16
CCSM4,r1i1p1,rcp45,global_mean,Amon,tas,2071-2080,2.53
CESM1-BGC,r1i1p1,rcp45,global_mean,Amon,tas,2071-2080,2.47
CESM1-CAM5,r1i1p1,rcp45,global_mean,Amon,tas,2071-2080,2.59
CMCC-CMS,r1i1p1,rcp45,global_mean,Amon,tas,2071-2080,2.56
CMCC-CM,r1i1p1,rcp45,global_mean,Amon,tas,2071-2080,2.66
CNRM-CM5,r1i1p1,rcp45,global_mean,Amon,tas,2071-2080,2.38
CSIRO-Mk3-6-0,r1i1p1,rcp45,global_mean,Amon,tas,2071-2080,2.59
CanESM2,r1i1p1,rcp45,global_mean,Amon,tas,2071-2080,3.03
EC-EARTH,r1i1p1,rcp45,global_mean,Amon,tas,2071-2080,2.50
FGOALS-g2,r1i1p1,rcp45,global_mean,Amon,tas,2071-2080,1.89
FIO-ESM,r1i1p1,rcp45,global_mean,Amon,tas,2071-2080,1.82
GISS-E2-H-CC,r1i1p1,rcp45,global_mean,Amon,tas,2071-2080,2.32
GISS-E2-H,r1i1p1,rcp45,global_mean,Amon,tas,2071-2080,2.29
GISS-E2-R-CC,r1i1p1,rcp45,global_mean,Amon,tas,2071-2080,1.81
GISS-E2-R,r1i1p1,rcp45,global_mean,Amon,tas,2071-2080,1.73
IPSL-CM5A-LR,r1i1p1,rcp45,global_mean,Amon,tas,2071-2080,3.06
IPSL-CM5A-MR,r1i1p1,rcp45,global_mean,Amon,tas,2071-2080,3.01
IPSL-CM5B-LR,r1i1p1,rcp45,global_mean,Amon,tas,2071-2080,2.44
MIROC5,r1i1p1,rcp45,global_mean,Amon,tas,2071-2080,2.06
MPI-ESM-LR,r1i1p1,rcp45,global_mean,Amon,tas,2071-2080,2.38
MPI-ESM-MR,r1i1p1,rcp45,global_mean,Amon,tas,2071-2080,2.40
MRI-CGCM3,r1i1p1,rcp45,global_mean,Amon,tas,2071-2080,1.87
NorESM1-ME,r1i1p1,rcp45,global_mean,Amon,tas,2071-2080,2.13
NorESM1-M,r1i1p1,rcp45,global_mean,Amon,tas,2071-2080,2.05
bcc-csm1-1-m,r1i1p1,rcp45,global_mean,Amon,tas,2071-2080,2.42
bcc-csm1-1,r1i1p1,rcp45,global_mean,Amon,tas,2071-2080,2.40
inmcm4,r1i1p1,rcp45,global_mean,Amon,tas,2071-2080,1.75
ACCESS1-0,r1i1p1,rcp45,global_mean,Amon,tas,2081-2090,2.79
ACCESS1-3,r1i1p1,rcp45,global_mean,Amon,tas,2081-2090,2.51
BNU-ESM,r1i1p1,rcp45,global_mean,Amon,tas,2081-2090,3.27
CCSM4,r1i1p1,rcp45,global_mean,Amon,tas,2081-2090,2.60
CESM1-BGC,r1i1p1,rcp45,global_mean,Amon,tas,2081-2090,2.46
CESM1-CAM5,r1i1p1,rcp45,global_mean,Amon,tas,2081-2090,2.88
CMCC-CMS,r1i1p1,rcp45,global_mean,Amon,tas,2081-2090,2.67
CMCC-CM,r1i1p1,rcp45,global_mean,Amon,tas,2081-2090,2.69
CNRM-CM5,r1i1p1,rcp45,global_mean,Amon,tas,2081-2090,2.50
CSIRO-Mk3-6-0,r1i1p1,rcp45,global_mean,Amon,tas,2081-2090,2.68
CanESM2,r1i1p1,rcp45,global_mean,Amon,tas,2081-2090,3.13
EC-EARTH,r1i1p1,rcp45,global_mean,Amon,tas,2081-2090,2.64
FGOALS-g2,r1i1p1,rcp45,global_mean,Amon,tas,2081-2090,1.88
FIO-ESM,r1i1p1,rcp45,global_mean,Amon,tas,2081-2090,1.85
GISS-E2-H-CC,r1i1p1,rcp45,global_mean,Amon,tas,2081-2090,2.36
GISS-E2-H,r1i1p1,rcp45,global_mean,Amon,tas,2081-2090,2.38
GISS-E2-R-CC,r1i1p1,rcp45,global_mean,Amon,tas,2081-2090,1.87
GISS-E2-R,r1i1p1,rcp45,global_mean,Amon,tas,2081-2090,1.78
IPSL-CM5A-LR,r1i1p1,rcp45,global_mean,Amon,tas,2081-2090,3.12
IPSL-CM5A-MR,r1i1p1,rcp45,global_mean,Amon,tas,2081-2090,3.09
IPSL-CM5B-LR,r1i1p1,rcp45,global_mean,Amon,tas,2081-2090,2.50
MIROC5,r1i1p1,rcp45,global_mean,Amon,tas,2081-2090,2.19
MPI-ESM-LR,r1i1p1,rcp45,global_mean,Amon,tas,2081-2090,2.49
MPI-ESM-MR,r1i1p1,rcp45,global_mean,Amon,tas,2081-2090,2.57
MRI-CGCM3,r1i1p1,rcp45,global_mean,Amon,tas,2081-2090,2.03
NorESM1-ME,r1i1p1,rcp45,global_mean,Amon,tas,2081-2090,2.22
NorESM1-M,r1i1p1,rcp45,global_mean,Amon,tas,2081-2090,2.10
bcc-csm1-1-m,r1i1p1,rcp45,global_mean,Amon,tas,2081-2090,2.46
bcc-csm1-1,r1i1p1,rcp45,global_mean,Amon,tas,2081-2090,2.59
inmcm4,r1i1p1,rcp45,global_mean,Amon,tas,2081-2090,1.83
ACCESS1-0,r1i1p1,rcp45,global_mean,Amon,tas,2091-2100,2.77
ACCESS1-3,r1i1p1,rcp45,global_mean,Amon,tas,2091-2100,2.59
BNU-ESM,r1i1p1,rcp45,global_mean,Amon,tas,2091-2100,3.23
CCSM4,r1i1p1,rcp45,global_mean,Amon,tas,2091-2100,2.67
CESM1-BGC,r1i1p1,rcp45,global_mean,Amon,tas,2091-2100,2.49
CESM1-CAM5,r1i1p1,rcp45,global_mean,Amon,tas,2091-2100,2.92
CMCC-CMS,r1i1p1,rcp45,global_mean,Amon,tas,2091-2100,2.72
CMCC-CM,r1i1p1,rcp45,global_mean,Amon,tas,2091-2100,2.75
CNRM-CM5,r1i1p1,rcp45,global_mean,Amon,tas,2091-2100,2.59
CSIRO-Mk3-6-0,r1i1p1,rcp45,global_mean,Amon,tas,2091-2100,2.76
CanESM2,r1i1p1,rcp45,global_mean,Amon,tas,2091-2100,3.09
EC-EARTH,r1i1p1,rcp45,global_mean,Amon,tas,2091-2100,2.71
FGOALS-g2,r1i1p1,rcp45,global_mean,Amon,tas,2091-2100,1.93
FIO-ESM,r1i1p1,rcp45,global_mean,Amon,tas,2091-2100,1.87
GISS-E2-H-CC,r1i1p1,rcp45,global_mean,Amon,tas,2091-2100,2.39
GISS-E2-H,r1i1p1,rcp45,global_mean,Amon,tas,2091-2100,2.41
GISS-E2-R-CC,r1i1p1,rcp45,global_mean,Amon,tas,2091-2100,1.88
GISS-E2-R,r1i1p1,rcp45,global_mean,Amon,tas,2091-2100,1.84
IPSL-CM5A-LR,r1i1p1,rcp45,global_mean,Amon,tas,2091-2100,3.30
IPSL-CM5A-MR,r1i1p1,rcp45,global_mean,Amon,tas,2091-2100,3.14
IPSL-CM5B-LR,r1i1p1,rcp45,global_mean,Amon,tas,2091-2100,2.56
MIROC5,r1i1p1,rcp45,global_mean,Amon,tas,2091-2100,2.20
MPI-ESM-LR,r1i1p1,rcp45,global_mean,Amon,tas,2091-2100,2.52
MPI-ESM-MR,r1i1p1,rcp45,global_mean,Amon,tas,2091-2100,2.56
MRI-CGCM3,r1i1p1,rcp45,global_mean,Amon,tas,2091-2100,2.15
NorESM1-ME,r1i1p1,rcp45,global_mean,Amon,tas,2091-2100,2.24
NorESM1-M,r1i1p1,rcp45,global_mean,Amon,tas,2091-2100,2.26
bcc-csm1-1-m,r1i1p1,rcp45,global_mean,Amon,tas,2091-2100,2.50
bcc-csm1-1,r1i1p1,rcp45,global_mean,Amon,tas,2091-2100,2.47
inmcm4,r1i1p1,rcp45,global_mean,Amon,tas,2091-2100,1.83
CCSM4,r1i1p1,rcp60,global_mean,Amon,tas,2021-2040,1.76
CESM1-CAM5,r1i1p1,rcp60,global_mean,Amon,tas,2021-2040,1.42
CSIRO-Mk3-6-0,r1i1p1,rcp60,global_mean,Amon,tas,2021-2040,1.05
FIO-ESM,r1i1p1,rcp60,global_mean,Amon,tas,2021-2040,1.47
GISS-E2-H,r1i1p1,rcp60,global_mean,Amon,tas,2021-2040,1.62
GISS-E2-R,r1i1p1,rcp60,global_mean,Amon,tas,2021-2040,1.29
IPSL-CM5A-LR,r1i1p1,rcp60,global_mean,Amon,tas,2021-2040,1.97
IPSL-CM5A-MR,r1i1p1,rcp60,global_mean,Amon,tas,2021-2040,1.75
MIROC5,r1i1p1,rcp60,global_mean,Amon,tas,2021-2040,1.10
MRI-CGCM3,r1i1p1,rcp60,global_mean,Amon,tas,2021-2040,1.02
NorESM1-ME,r1i1p1,rcp60,global_mean,Amon,tas,2021-2040,1.20
NorESM1-M,r1i1p1,rcp60,global_mean,Amon,tas,2021-2040,1.19
bcc-csm1-1-m,r1i1p1,rcp60,global_mean,Amon,tas,2021-2040,1.90
bcc-csm1-1,r1i1p1,rcp60,global_mean,Amon,tas,2021-2040,1.64
CCSM4,r1i1p1,rcp60,global_mean,Amon,tas,2041-2060,2.19
CESM1-CAM5,r1i1p1,rcp60,global_mean,Amon,tas,2041-2060,1.93
CSIRO-Mk3-6-0,r1i1p1,rcp60,global_mean,Amon,tas,2041-2060,1.62
FIO-ESM,r1i1p1,rcp60,global_mean,Amon,tas,2041-2060,1.75
GISS-E2-H,r1i1p1,rcp60,global_mean,Amon,tas,2041-2060,1.99
GISS-E2-R,r1i1p1,rcp60,global_mean,Amon,tas,2041-2060,1.58
IPSL-CM5A-LR,r1i1p1,rcp60,global_mean,Amon,tas,2041-2060,2.54
IPSL-CM5A-MR,r1i1p1,rcp60,global_mean,Amon,tas,2041-2060,2.28
MIROC5,r1i1p1,rcp60,global_mean,Amon,tas,2041-2060,1.44
MRI-CGCM3,r1i1p1,rcp60,global_mean,Amon,tas,2041-2060,1.27
NorESM1-ME,r1i1p1,rcp60,global_mean,Amon,tas,2041-2060,1.54
NorESM1-M,r1i1p1,rcp60,global_mean,Amon,tas,2041-2060,1.51
bcc-csm1-1-m,r1i1p1,rcp60,global_mean,Amon,tas,2041-2060,2.22
bcc-csm1-1,r1i1p1,rcp60,global_mean,Amon,tas,2041-2060,2.16
CCSM4,r1i1p1,rcp60,global_mean,Amon,tas,2081-2100,3.10
CESM1-CAM5,r1i1p1,rcp60,global_mean,Amon,tas,2081-2100,3.38
CSIRO-Mk3-6-0,r1i1p1,rcp60,global_mean,Amon,tas,2081-2100,2.95
FIO-ESM,r1i1p1,rcp60,global_mean,Amon,tas,2081-2100,2.41
GISS-E2-H,r1i1p1,rcp60,global_mean,Amon,tas,2081-2100,2.72
GISS-E2-R,r1i1p1,rcp60,global_mean,Amon,tas,2081-2100,2.26
IPSL-CM5A-LR,r1i1p1,rcp60,global_mean,Amon,tas,2081-2100,3.61
IPSL-CM5A-MR,r1i1p1,rcp60,global_mean,Amon,tas,2081-2100,3.53
MIROC5,r1i1p1,rcp60,global_mean,Amon,tas,2081-2100,2.48
MRI-CGCM3,r1i1p1,rcp60,global_mean,Amon,tas,2081-2100,2.30
NorESM1-ME,r1i1p1,rcp60,global_mean,Amon,tas,2081-2100,2.51
NorESM1-M,r1i1p1,rcp60,global_mean,Amon,tas,2081-2100,2.45
bcc-csm1-1-m,r1i1p1,rcp60,global_mean,Amon,tas,2081-2100,2.94
bcc-csm1-1,r1i1p1,rcp60,global_mean,Amon,tas,2081-2100,2.96
CCSM4,r1i1p1,rcp60,global_mean,Amon,tas,2016-2035,1.67
CESM1-CAM5,r1i1p1,rcp60,global_mean,Amon,tas,2016-2035,1.30
CSIRO-Mk3-6-0,r1i1p1,rcp60,global_mean,Amon,tas,2016-2035,0.94
FIO-ESM,r1i1p1,rcp60,global_mean,Amon,tas,2016-2035,1.38
GISS-E2-H,r1i1p1,rcp60,global_mean,Amon,tas,2016-2035,1.55
GISS-E2-R,r1i1p1,rcp60,global_mean,Amon,tas,2016-2035,1.21
IPSL-CM5A-LR,r1i1p1,rcp60,global_mean,Amon,tas,2016-2035,1.88
IPSL-CM5A-MR,r1i1p1,rcp60,global_mean,Amon,tas,2016-2035,1.65
MIROC5,r1i1p1,rcp60,global_mean,Amon,tas,2016-2035,1.03
MRI-CGCM3,r1i1p1,rcp60,global_mean,Amon,tas,2016-2035,0.93
NorESM1-ME,r1i1p1,rcp60,global_mean,Amon,tas,2016-2035,1.12
NorESM1-M,r1i1p1,rcp60,global_mean,Amon,tas,2016-2035,1.08
bcc-csm1-1-m,r1i1p1,rcp60,global_mean,Amon,tas,2016-2035,1.82
bcc-csm1-1,r1i1p1,rcp60,global_mean,Amon,tas,2016-2035,1.52
CCSM4,r1i1p1,rcp60,global_mean,Amon,tas,2046-2065,2.28
CESM1-CAM5,r1i1p1,rcp60,global_mean,Amon,tas,2046-2065,2.07
CSIRO-Mk3-6-0,r1i1p1,rcp60,global_mean,Amon,tas,2046-2065,1.72
FIO-ESM,r1i1p1,rcp60,global_mean,Amon,tas,2046-2065,1.82
GISS-E2-H,r1i1p1,rcp60,global_mean,Amon,tas,2046-2065,2.09
GISS-E2-R,r1i1p1,rcp60,global_mean,Amon,tas,2046-2065,1.67
IPSL-CM5A-LR,r1i1p1,rcp60,global_mean,Amon,tas,2046-2065,2.65
IPSL-CM5A-MR,r1i1p1,rcp60,global_mean,Amon,tas,2046-2065,2.38
MIROC5,r1i1p1,rcp60,global_mean,Amon,tas,2046-2065,1.54
MRI-CGCM3,r1i1p1,rcp60,global_mean,Amon,tas,2046-2065,1.38
NorESM1-ME,r1i1p1,rcp60,global_mean,Amon,tas,2046-2065,1.62
NorESM1-M,r1i1p1,rcp60,global_mean,Amon,tas,2046-2065,1.62
bcc-csm1-1-m,r1i1p1,rcp60,global_mean,Amon,tas,2046-2065,2.24
bcc-csm1-1,r1i1p1,rcp60,global_mean,Amon,tas,2046-2065,2.25
CCSM4,r1i1p1,rcp60,global_mean,Amon,tas,2011-2020,1.46
CESM1-CAM5,r1i1p1,rcp60,global_mean,Amon,tas,2011-2020,1.08
CSIRO-Mk3-6-0,r1i1p1,rcp60,global_mean,Amon,tas,2011-2020,0.86
FIO-ESM,r1i1p1,rcp60,global_mean,Amon,tas,2011-2020,1.21
GISS-E2-H,r1i1p1,rcp60,global_mean,Amon,tas,2011-2020,1.36
GISS-E2-R,r1i1p1,rcp60,global_mean,Amon,tas,2011-2020,1.06
IPSL-CM5A-LR,r1i1p1,rcp60,global_mean,Amon,tas,2011-2020,1.62
IPSL-CM5A-MR,r1i1p1,rcp60,global_mean,Amon,tas,2011-2020,1.48
MIROC5,r1i1p1,rcp60,global_mean,Amon,tas,2011-2020,0.89
MRI-CGCM3,r1i1p1,rcp60,global_mean,Amon,tas,2011-2020,0.72
NorESM1-ME,r1i1p1,rcp60,global_mean,Amon,tas,2011-2020,1.00
NorESM1-M,r1i1p1,rcp60,global_mean,Amon,tas,2011-2020,0.85
bcc-csm1-1-m,r1i1p1,rcp60,global_mean,Amon,tas,2011-2020,1.61
bcc-csm1-1,r1i1p1,rcp60,global_mean,Amon,tas,2011-2020,1.34
CCSM4,r1i1p1,rcp60,global_mean,Amon,tas,2021-2030,1.63
CESM1-CAM5,r1i1p1,rcp60,global_mean,Amon,tas,2021-2030,1.30
CSIRO-Mk3-6-0,r1i1p1,rcp60,global_mean,Amon,tas,2021-2030,0.96
FIO-ESM,r1i1p1,rcp60,global_mean,Amon,tas,2021-2030,1.33
GISS-E2-H,r1i1p1,rcp60,global_mean,Amon,tas,2021-2030,1.56
GISS-E2-R,r1i1p1,rcp60,global_mean,Amon,tas,2021-2030,1.25
IPSL-CM5A-LR,r1i1p1,rcp60,global_mean,Amon,tas,2021-2030,1.88
IPSL-CM5A-MR,r1i1p1,rcp60,global_mean,Amon,tas,2021-2030,1.64
MIROC5,r1i1p1,rcp60,global_mean,Amon,tas,2021-2030,1.05
MRI-CGCM3,r1i1p1,rcp60,global_mean,Amon,tas,2021-2030,0.96
NorESM1-ME,r1i1p1,rcp60,global_mean,Amon,tas,2021-2030,1.02
NorESM1-M,r1i1p1,rcp60,global_mean,Amon,tas,2021-2030,1.15
bcc-csm1-1-m,r1i1p1,rcp60,global_mean,Amon,tas,2021-2030,1.81
bcc-csm1-1,r1i1p1,rcp60,global_mean,Amon,tas,2021-2030,1.50
CCSM4,r1i1p1,rcp60,global_mean,Amon,tas,2031-2040,1.90
CESM1-CAM5,r1i1p1,rcp60,global_mean,Amon,tas,2031-2040,1.54
CSIRO-Mk3-6-0,r1i1p1,rcp60,global_mean,Amon,tas,2031-2040,1.14
FIO-ESM,r1i1p1,rcp60,global_mean,Amon,tas,2031-2040,1.62
GISS-E2-H,r1i1p1,rcp60,global_mean,Amon,tas,2031-2040,1.67
GISS-E2-R,r1i1p1,rcp60,global_mean,Amon,tas,2031-2040,1.33
IPSL-CM5A-LR,r1i1p1,rcp60,global_mean,Amon,tas,2031-2040,2.07
IPSL-CM5A-MR,r1i1p1,rcp60,global_mean,Amon,tas,2031-2040,1.86
MIROC5,r1i1p1,rcp60,global_mean,Amon,tas,2031-2040,1.15
MRI-CGCM3,r1i1p1,rcp60,global_mean,Amon,tas,2031-2040,1.07
NorESM1-ME,r1i1p1,rcp60,global_mean,Amon,tas,2031-2040,1.37
NorESM1-M,r1i1p1,rcp60,global_mean,Amon,tas,2031-2040,1.23
bcc-csm1-1-m,r1i1p1,rcp60,global_mean,Amon,tas,2031-2040,1.99
bcc-csm1-1,r1i1p1,rcp60,global_mean,Amon,tas,2031-2040,1.79
CCSM4,r1i1p1,rcp60,global_mean,Amon,tas,2041-2050,2.10
CESM1-CAM5,r1i1p1,rcp60,global_mean,Amon,tas,2041-2050,1.81
CSIRO-Mk3-6-0,r1i1p1,rcp60,global_mean,Amon,tas,2041-2050,1.51
FIO-ESM,r1i1p1,rcp60,global_mean,Amon,tas,2041-2050,1.67
GISS-E2-H,r1i1p1,rcp60,global_mean,Amon,tas,2041-2050,1.90
GISS-E2-R,r1i1p1,rcp60,global_mean,Amon,tas,2041-2050,1.48
IPSL-CM5A-LR,r1i1p1,rcp60,global_mean,Amon,tas,2041-2050,2.41
IPSL-CM5A-MR,r1i1p1,rcp60,global_mean,Amon,tas,2041-2050,2.16
MIROC5,r1i1p1,rcp60,global_mean,Amon,tas,2041-2050,1.39
MRI-CGCM3,r1i1p1,rcp60,global_mean,Amon,tas,2041-2050,1.16
NorESM1-ME,r1i1p1,rcp60,global_mean,Amon,tas,2041-2050,1.45
NorESM1-M,r1i1p1,rcp60,global_mean,Amon,tas,2041-2050,1.42
bcc-csm1-1-m,r1i1p1,rcp60,global_mean,Amon,tas,2041-2050,2.20
bcc-csm1-1,r1i1p1,rcp60,global_mean,Amon,tas,2041-2050,2.03
CCSM4,r1i1p1,rcp60,global_mean,Amon,tas,2051-2060,2.27
CESM1-CAM5,r1i1p1,rcp60,global_mean,Amon,tas,2051-2060,2.04
CSIRO-Mk3-6-0,r1i1p1,rcp60,global_mean,Amon,tas,2051-2060,1.74
FIO-ESM,r1i1p1,rcp60,global_mean,Amon,tas,2051-2060,1.82
GISS-E2-H,r1i1p1,rcp60,global_mean,Amon,tas,2051-2060,2.09
GISS-E2-R,r1i1p1,rcp60,global_mean,Amon,tas,2051-2060,1.68
IPSL-CM5A-LR,r1i1p1,rcp60,global_mean,Amon,tas,2051-2060,2.67
IPSL-CM5A-MR,r1i1p1,rcp60,global_mean,Amon,tas,2051-2060,2.40
MIROC5,r1i1p1,rcp60,global_mean,Amon,tas,2051-2060,1.50
MRI-CGCM3,r1i1p1,rcp60,global_mean,Amon,tas,2051-2060,1.38
NorESM1-ME,r1i1p1,rcp60,global_mean,Amon,tas,2051-2060,1.62
NorESM1-M,r1i1p1,rcp60,global_mean,Amon,tas,2051-2060,1.61
bcc-csm1-1-m,r1i1p1,rcp60,global_mean,Amon,tas,2051-2060,2.24
bcc-csm1-1,r1i1p1,rcp60,global_mean,Amon,tas,2051-2060,2.29
CCSM4,r1i1p1,rcp60,global_mean,Amon,tas,2061-2070,2.38
CESM1-CAM5,r1i1p1,rcp60,global_mean,Amon,tas,2061-2070,2.40
CSIRO-Mk3-6-0,r1i1p1,rcp60,global_mean,Amon,tas,2061-2070,1.95
FIO-ESM,r1i1p1,rcp60,global_mean,Amon,tas,2061-2070,1.96
GISS-E2-H,r1i1p1,rcp60,global_mean,Amon,tas,2061-2070,2.28
GISS-E2-R,r1i1p1,rcp60,global_mean,Amon,tas,2061-2070,1.79
IPSL-CM5A-LR,r1i1p1,rcp60,global_mean,Amon,tas,2061-2070,2.86
IPSL-CM5A-MR,r1i1p1,rcp60,global_mean,Amon,tas,2061-2070,2.67
MIROC5,r1i1p1,rcp60,global_mean,Amon,tas,2061-2070,1.81
MRI-CGCM3,r1i1p1,rcp60,global_mean,Amon,tas,2061-2070,1.68
NorESM1-ME,r1i1p1,rcp60,global_mean,Amon,tas,2061-2070,1.84
NorESM1-M,r1i1p1,rcp60,global_mean,Amon,tas,2061-2070,1.88
bcc-csm1-1-m,r1i1p1,rcp60,global_mean,Amon,tas,2061-2070,2.41
bcc-csm1-1,r1i1p1,rcp60,global_mean,Amon,tas,2061-2070,2.40
CCSM4,r1i1p1,rcp60,global_mean,Amon,tas,2071-2080,2.74
CESM1-CAM5,r1i1p1,rcp60,global_mean,Amon,tas,2071-2080,2.80
CSIRO-Mk3-6-0,r1i1p1,rcp60,global_mean,Amon,tas,2071-2080,2.38
FIO-ESM,r1i1p1,rcp60,global_mean,Amon,tas,2071-2080,2.13
GISS-E2-H,r1i1p1,rcp60,global_mean,Amon,tas,2071-2080,2.44
GISS-E2-R,r1i1p1,rcp60,global_mean,Amon,tas,2071-2080,1.92
IPSL-CM5A-LR,r1i1p1,rcp60,global_mean,Amon,tas,2071-2080,3.12
IPSL-CM5A-MR,r1i1p1,rcp60,global_mean,Amon,tas,2071-2080,3.05
MIROC5,r1i1p1,rcp60,global_mean,Amon,tas,2071-2080,2.18
MRI-CGCM3,r1i1p1,rcp60,global_mean,Amon,tas,2071-2080,2.01
NorESM1-ME,r1i1p1,rcp60,global_mean,Amon,tas,2071-2080,2.22
NorESM1-M,r1i1p1,rcp60,global_mean,Amon,tas,2071-2080,2.12
bcc-csm1-1-m,r1i1p1,rcp60,global_mean,Amon,tas,2071-2080,2.69
bcc-csm1-1,r1i1p1,rcp60,global_mean,Amon,tas,2071-2080,2.57
CCSM4,r1i1p1,rcp60,global_mean,Amon,tas,2081-2090,3.03
CESM1-CAM5,r1i1p1,rcp60,global_mean,Amon,tas,2081-2090,3.25
CSIRO-Mk3-6-0,r1i1p1,rcp60,global_mean,Amon,tas,2081-2090,2.82
FIO-ESM,r1i1p1,rcp60,global_mean,Amon,tas,2081-2090,2.30
GISS-E2-H,r1i1p1,rcp60,global_mean,Amon,tas,2081-2090,2.66
GISS-E2-R,r1i1p1,rcp60,global_mean,Amon,tas,2081-2090,2.24
IPSL-CM5A-LR,r1i1p1,rcp60,global_mean,Amon,tas,2081-2090,3.47
IPSL-CM5A-MR,r1i1p1,rcp60,global_mean,Amon,tas,2081-2090,3.45
MIROC5,r1i1p1,rcp60,global_mean,Amon,tas,2081-2090,2.42
MRI-CGCM3,r1i1p1,rcp60,global_mean,Amon,tas,2081-2090,2.20
NorESM1-ME,r1i1p1,rcp60,global_mean,Amon,tas,2081-2090,2.40
NorESM1-M,r1i1p1,rcp60,global_mean,Amon,tas,2081-2090,2.34
bcc-csm1-1-m,r1i1p1,rcp60,global_mean,Amon,tas,2081-2090,2.87
bcc-csm1-1,r1i1p1,rcp60,global_mean,Amon,tas,2081-2090,2.88
CCSM4,r1i1p1,rcp60,global_mean,Amon,tas,2091-2100,3.18
CESM1-CAM5,r1i1p1,rcp60,global_mean,Amon,tas,2091-2100,3.51
CSIRO-Mk3-6-0,r1i1p1,rcp60,global_mean,Amon,tas,2091-2100,3.07
FIO-ESM,r1i1p1,rcp60,global_mean,Amon,tas,2091-2100,2.52
GISS-E2-H,r1i1p1,rcp60,global_mean,Amon,tas,2091-2100,2.78
GISS-E2-R,r1i1p1,rcp60,global_mean,Amon,tas,2091-2100,2.29
IPSL-CM5A-LR,r1i1p1,rcp60,global_mean,Amon,tas,2091-2100,3.74
IPSL-CM5A-MR,r1i1p1,rcp60,global_mean,Amon,tas,2091-2100,3.61
MIROC5,r1i1p1,rcp60,global_mean,Amon,tas,2091-2100,2.53
MRI-CGCM3,r1i1p1,rcp60,global_mean,Amon,tas,2091-2100,2.39
NorESM1-ME,r1i1p1,rcp60,global_mean,Amon,tas,2091-2100,2.63
NorESM1-M,r1i1p1,rcp60,global_mean,Amon,tas,2091-2100,2.55
bcc-csm1-1-m,r1i1p1,rcp60,global_mean,Amon,tas,2091-2100,3.00
bcc-csm1-1,r1i1p1,rcp60,global_mean,Amon,tas,2091-2100,3.04
ACCESS1-0,r1i1p1,rcp85,global_mean,Amon,tas,2021-2040,1.64
ACCESS1-3,r1i1p1,rcp85,global_mean,Amon,tas,2021-2040,1.51
BNU-ESM,r1i1p1,rcp85,global_mean,Amon,tas,2021-2040,2.38
CCSM4,r1i1p1,rcp85,global_mean,Amon,tas,2021-2040,2.03
CESM1-BGC,r1i1p1,rcp85,global_mean,Amon,tas,2021-2040,1.91
CESM1-CAM5,r1i1p1,rcp85,global_mean,Amon,tas,2021-2040,1.63
CMCC-CESM,r1i1p1,rcp85,global_mean,Amon,tas,2021-2040,1.24
CMCC-CMS,r1i1p1,rcp85,global_mean,Amon,tas,2021-2040,1.55
CMCC-CM,r1i1p1,rcp85,global_mean,Amon,tas,2021-2040,1.55
CNRM-CM5,r1i1p1,rcp85,global_mean,Amon,tas,2021-2040,1.51
CSIRO-Mk3-6-0,r1i1p1,rcp85,global_mean,Amon,tas,2021-2040,1.37
CanESM2,r1i1p1,rcp85,global_mean,Amon,tas,2021-2040,2.16
EC-EARTH,r1i1p1,rcp85,global_mean,Amon,tas,2021-2040,1.82
FGOALS-g2,r1i1p1,rcp85,global_mean,Amon,tas,2021-2040,1.52
FGOALS-s2,r3i1p1,rcp85,global_mean,Amon,tas,2021-2040,2.64
FIO-ESM,r1i1p1,rcp85,global_mean,Amon,tas,2021-2040,1.57
GISS-E2-H-CC,r1i1p1,rcp85,global_mean,Amon,tas,2021-2040,1.86
GISS-E2-H,r1i1p1,rcp85,global_mean,Amon,tas,2021-2040,1.81
GISS-E2-R-CC,r1i1p1,rcp85,global_mean,Amon,tas,2021-2040,1.43
GISS-E2-R,r1i1p1,rcp85,global_mean,Amon,tas,2021-2040,1.46
IPSL-CM5A-LR,r1i1p1,rcp85,global_mean,Amon,tas,2021-2040,2.16
IPSL-CM5A-MR,r1i1p1,rcp85,global_mean,Amon,tas,2021-2040,2.00
IPSL-CM5B-LR,r1i1p1,rcp85,global_mean,Amon,tas,2021-2040,1.77
MIROC5,r1i1p1,rcp85,global_mean,Amon,tas,2021-2040,1.42
MPI-ESM-LR,r1i1p1,rcp85,global_mean,Amon,tas,2021-2040,1.82
MPI-ESM-MR,r1i1p1,rcp85,global_mean,Amon,tas,2021-2040,1.76
MRI-CGCM3,r1i1p1,rcp85,global_mean,Amon,tas,2021-2040,1.14
NorESM1-ME,r1i1p1,rcp85,global_mean,Amon,tas,2021-2040,1.42
NorESM1-M,r1i1p1,rcp85,global_mean,Amon,tas,2021-2040,1.45
bcc-csm1-1-m,r1i1p1,rcp85,global_mean,Amon,tas,2021-2040,2.08
bcc-csm1-1,r1i1p1,rcp85,global_mean,Amon,tas,2021-2040,1.82
inmcm4,r1i1p1,rcp85,global_mean,Amon,tas,2021-2040,1.21
ACCESS1-0,r1i1p1,rcp85,global_mean,Amon,tas,2041-2060,2.54
ACCESS1-3,r1i1p1,rcp85,global_mean,Amon,tas,2041-2060,2.51
BNU-ESM,r1i1p1,rcp85,global_mean,Amon,tas,2041-2060,3.27
CCSM4,r1i1p1,rcp85,global_mean,Amon,tas,2041-2060,2.71
CESM1-BGC,r1i1p1,rcp85,global_mean,Amon,tas,2041-2060,2.64
CESM1-CAM5,r1i1p1,rcp85,global_mean,Amon,tas,2041-2060,2.64
CMCC-CESM,r1i1p1,rcp85,global_mean,Amon,tas,2041-2060,2.21
CMCC-CMS,r1i1p1,rcp85,global_mean,Amon,tas,2041-2060,2.43
CMCC-CM,r1i1p1,rcp85,global_mean,Amon,tas,2041-2060,2.41
CNRM-CM5,r1i1p1,rcp85,global_mean,Amon,tas,2041-2060,2.24
CSIRO-Mk3-6-0,r1i1p1,rcp85,global_mean,Amon,tas,2041-2060,2.29
CanESM2,r1i1p1,rcp85,global_mean,Amon,tas,2041-2060,3.08
EC-EARTH,r1i1p1,rcp85,global_mean,Amon,tas,2041-2060,2.53
FGOALS-g2,r1i1p1,rcp85,global_mean,Amon,tas,2041-2060,2.15
FGOALS-s2,r3i1p1,rcp85,global_mean,Amon,tas,2041-2060,3.65
FIO-ESM,r1i1p1,rcp85,global_mean,Amon,tas,2041-2060,2.27
GISS-E2-H-CC,r1i1p1,rcp85,global_mean,Amon,tas,2041-2060,2.52
GISS-E2-H,r1i1p1,rcp85,global_mean,Amon,tas,2041-2060,2.46
GISS-E2-R-CC,r1i1p1,rcp85,global_mean,Amon,tas,2041-2060,2.06
GISS-E2-R,r1i1p1,rcp85,global_mean,Amon,tas,2041-2060,1.96
IPSL-CM5A-LR,r1i1p1,rcp85,global_mean,Amon,tas,2041-2060,3.21
IPSL-CM5A-MR,r1i1p1,rcp85,global_mean,Amon,tas,2041-2060,3.03
IPSL-CM5B-LR,r1i1p1,rcp85,global_mean,Amon,tas,2041-2060,2.55
MIROC5,r1i1p1,rcp85,global_mean,Amon,tas,2041-2060,2.11
MPI-ESM-LR,r1i1p1,rcp85,global_mean,Amon,tas,2041-2060,2.56
MPI-ESM-MR,r1i1p1,rcp85,global_mean,Amon,tas,2041-2060,2.53
MRI-CGCM3,r1i1p1,rcp85,global_mean,Amon,tas,2041-2060,1.93
NorESM1-ME,r1i1p1,rcp85,global_mean,Amon,tas,2041-2060,2.15
NorESM1-M,r1i1p1,rcp85,global_mean,Amon,tas,2041-2060,2.06
bcc-csm1-1-m,r1i1p1,rcp85,global_mean,Amon,tas,2041-2060,2.61
bcc-csm1-1,r1i1p1,rcp85,global_mean,Amon,tas,2041-2060,2.55
inmcm4,r1i1p1,rcp85,global_mean,Amon,tas,2041-2060,1.72
ACCESS1-0,r1i1p1,rcp85,global_mean,Amon,tas,2081-2100,4.63
ACCESS1-3,r1i1p1,rcp85,global_mean,Amon,tas,2081-2100,4.42
BNU-ESM,r1i1p1,rcp85,global_mean,Amon,tas,2081-2100,5.43
CCSM4,r1i1p1,rcp85,global_mean,Amon,tas,2081-2100,4.61
CESM1-BGC,r1i1p1,rcp85,global_mean,Amon,tas,2081-2100,4.46
CESM1-CAM5,r1i1p1,rcp85,global_mean,Amon,tas,2081-2100,4.66
CMCC-CESM,r1i1p1,rcp85,global_mean,Amon,tas,2081-2100,4.21
CMCC-CMS,r1i1p1,rcp85,global_mean,Amon,tas,2081-2100,4.81
CMCC-CM,r1i1p1,rcp85,global_mean,Amon,tas,2081-2100,4.79
CNRM-CM5,r1i1p1,rcp85,global_mean,Amon,tas,2081-2100,4.15
CSIRO-Mk3-6-0,r1i1p1,rcp85,global_mean,Amon,tas,2081-2100,4.54
CanESM2,r1i1p1,rcp85,global_mean,Amon,tas,2081-2100,5.33
EC-EARTH,r1i1p1,rcp85,global_mean,Amon,tas,2081-2100,4.40
FGOALS-g2,r1i1p1,rcp85,global_mean,Amon,tas,2081-2100,3.66
FGOALS-s2,r3i1p1,rcp85,global_mean,Amon,tas,2081-2100,6.23
FIO-ESM,r1i1p1,rcp85,global_mean,Amon,tas,2081-2100,4.32
GISS-E2-H-CC,r1i1p1,rcp85,global_mean,Amon,tas,2081-2100,3.84
GISS-E2-H,r1i1p1,rcp85,global_mean,Amon,tas,2081-2100,3.79
GISS-E2-R-CC,r1i1p1,rcp85,global_mean,Amon,tas,2081-2100,3.20
GISS-E2-R,r1i1p1,rcp85,global_mean,Amon,tas,2081-2100,3.13
IPSL-CM5A-LR,r1i1p1,rcp85,global_mean,Amon,tas,2081-2100,5.55
IPSL-CM5A-MR,r1i1p1,rcp85,global_mean,Amon,tas,2081-2100,5.27
IPSL-CM5B-LR,r1i1p1,rcp85,global_mean,Amon,tas,2081-2100,4.27
MIROC5,r1i1p1,rcp85,global_mean,Amon,tas,2081-2100,3.83
MPI-ESM-LR,r1i1p1,rcp85,global_mean,Amon,tas,2081-2100,4.51
MPI-ESM-MR,r1i1p1,rcp85,global_mean,Amon,tas,2081-2100,4.40
MRI-CGCM3,r1i1p1,rcp85,global_mean,Amon,tas,2081-2100,3.67
NorESM1-ME,r1i1p1,rcp85,global_mean,Amon,tas,2081-2100,3.92
NorESM1-M,r1i1p1,rcp85,global_mean,Amon,tas,2081-2100,3.76
bcc-csm1-1-m,r1i1p1,rcp85,global_mean,Amon,tas,2081-2100,4.29
bcc-csm1-1,r1i1p1,rcp85,global_mean,Amon,tas,2081-2100,4.35
inmcm4,r1i1p1,rcp85,global_mean,Amon,tas,2081-2100,3.22
ACCESS1-0,r1i1p1,rcp85,global_mean,Amon,tas,2016-2035,1.46
ACCESS1-3,r1i1p1,rcp85,global_mean,Amon,tas,2016-2035,1.34
BNU-ESM,r1i1p1,rcp85,global_mean,Amon,tas,2016-2035,2.16
CCSM4,r1i1p1,rcp85,global_mean,Amon,tas,2016-2035,1.87
CESM1-BGC,r1i1p1,rcp85,global_mean,Amon,tas,2016-2035,1.75
CESM1-CAM5,r1i1p1,rcp85,global_mean,Amon,tas,2016-2035,1.45
CMCC-CESM,r1i1p1,rcp85,global_mean,Amon,tas,2016-2035,1.06
CMCC-CMS,r1i1p1,rcp85,global_mean,Amon,tas,2016-2035,1.33
CMCC-CM,r1i1p1,rcp85,global_mean,Amon,tas,2016-2035,1.34
CNRM-CM5,r1i1p1,rcp85,global_mean,Amon,tas,2016-2035,1.33
CSIRO-Mk3-6-0,r1i1p1,rcp85,global_mean,Amon,tas,2016-2035,1.19
CanESM2,r1i1p1,rcp85,global_mean,Amon,tas,2016-2035,1.98
EC-EARTH,r1i1p1,rcp85,global_mean,Amon,tas,2016-2035,1.68
FGOALS-g2,r1i1p1,rcp85,global_mean,Amon,tas,2016-2035,1.35
FGOALS-s2,r3i1p1,rcp85,global_mean,Amon,tas,2016-2035,2.42
FIO-ESM,r1i1p1,rcp85,global_mean,Amon,tas,2016-2035,1.42
GISS-E2-H-CC,r1i1p1,rcp85,global_mean,Amon,tas,2016-2035,1.71
GISS-E2-H,r1i1p1,rcp85,global_mean,Amon,tas,2016-2035,1.66
GISS-E2-R-CC,r1i1p1,rcp85,global_mean,Amon,tas,2016-2035,1.31
GISS-E2-R,r1i1p1,rcp85,global_mean,Amon,tas,2016-2035,1.30
IPSL-CM5A-LR,r1i1p1,rcp85,global_mean,Amon,tas,2016-2035,2.00
IPSL-CM5A-MR,r1i1p1,rcp85,global_mean,Amon,tas,2016-2035,1.83
IPSL-CM5B-LR,r1i1p1,rcp85,global_mean,Amon,tas,2016-2035,1.59
MIROC5,r1i1p1,rcp85,global_mean,Amon,tas,2016-2035,1.28
MPI-ESM-LR,r1i1p1,rcp85,global_mean,Amon,tas,2016-2035,1.68
MPI-ESM-MR,r1i1p1,rcp85,global_mean,Amon,tas,2016-2035,1.65
MRI-CGCM3,r1i1p1,rcp85,global_mean,Amon,tas,2016-2035,1.01
NorESM1-ME,r1i1p1,rcp85,global_mean,Amon,tas,2016-2035,1.31
NorESM1-M,r1i1p1,rcp85,global_mean,Amon,tas,2016-2035,1.28
bcc-csm1-1-m,r1i1p1,rcp85,global_mean,Amon,tas,2016-2035,1.93
bcc-csm1-1,r1i1p1,rcp85,global_mean,Amon,tas,2016-2035,1.66
inmcm4,r1i1p1,rcp85,global_mean,Amon,tas,2016-2035,1.09
ACCESS1-0,r1i1p1,rcp85,global_mean,Amon,tas,2046-2065,2.79
ACCESS1-3,r1i1p1,rcp85,global_mean,Amon,tas,2046-2065,2.77
BNU-ESM,r1i1p1,rcp85,global_mean,Amon,tas,2046-2065,3.55
CCSM4,r1i1p1,rcp85,global_mean,Amon,tas,2046-2065,2.93
CESM1-BGC,r1i1p1,rcp85,global_mean,Amon,tas,2046-2065,2.85
CESM1-CAM5,r1i1p1,rcp85,global_mean,Amon,tas,2046-2065,2.91
CMCC-CESM,r1i1p1,rcp85,global_mean,Amon,tas,2046-2065,2.45
CMCC-CMS,r1i1p1,rcp85,global_mean,Amon,tas,2046-2065,2.70
CMCC-CM,r1i1p1,rcp85,global_mean,Amon,tas,2046-2065,2.70
CNRM-CM5,r1i1p1,rcp85,global_mean,Amon,tas,2046-2065,2.45
CSIRO-Mk3-6-0,r1i1p1,rcp85,global_mean,Amon,tas,2046-2065,2.53
CanESM2,r1i1p1,rcp85,global_mean,Amon,tas,2046-2065,3.35
EC-EARTH,r1i1p1,rcp85,global_mean,Amon,tas,2046-2065,2.73
FGOALS-g2,r1i1p1,rcp85,global_mean,Amon,tas,2046-2065,2.32
FGOALS-s2,r3i1p1,rcp85,global_mean,Amon,tas,2046-2065,3.95
FIO-ESM,r1i1p1,rcp85,global_mean,Amon,tas,2046-2065,2.47
GISS-E2-H-CC,r1i1p1,rcp85,global_mean,Amon,tas,2046-2065,2.70
GISS-E2-H,r1i1p1,rcp85,global_mean,Amon,tas,2046-2065,2.63
GISS-E2-R-CC,r1i1p1,rcp85,global_mean,Amon,tas,2046-2065,2.21
GISS-E2-R,r1i1p1,rcp85,global_mean,Amon,tas,2046-2065,2.13
IPSL-CM5A-LR,r1i1p1,rcp85,global_mean,Amon,tas,2046-2065,3.45
IPSL-CM5A-MR,r1i1p1,rcp85,global_mean,Amon,tas,2046-2065,3.34
IPSL-CM5B-LR,r1i1p1,rcp85,global_mean,Amon,tas,2046-2065,2.77
MIROC5,r1i1p1,rcp85,global_mean,Amon,tas,2046-2065,2.29
MPI-ESM-LR,r1i1p1,rcp85,global_mean,Amon,tas,2046-2065,2.76
MPI-ESM-MR,r1i1p1,rcp85,global_mean,Amon,tas,2046-2065,2.76
MRI-CGCM3,r1i1p1,rcp85,global_mean,Amon,tas,2046-2065,2.15
NorESM1-ME,r1i1p1,rcp85,global_mean,Amon,tas,2046-2065,2.38
NorESM1-M,r1i1p1,rcp85,global_mean,Amon,tas,2046-2065,2.27
bcc-csm1-1-m,r1i1p1,rcp85,global_mean,Amon,tas,2046-2065,2.82
bcc-csm1-1,r1i1p1,rcp85,global_mean,Amon,tas,2046-2065,2.81
inmcm4,r1i1p1,rcp85,global_mean,Amon,tas,2046-2065,1.90
ACCESS1-0,r1i1p1,rcp85,global_mean,Amon,tas,2011-2020,1.04
ACCESS1-3,r1i1p1,rcp85,global_mean,Amon,tas,2011-2020,0.97
BNU-ESM,r1i1p1,rcp85,global_mean,Amon,tas,2011-2020,1.66
CCSM4,r1i1p1,rcp85,global_mean,Amon,tas,2011-2020,1.50
CESM1-BGC,r1i1p1,rcp85,global_mean,Amon,tas,2011-2020,1.47
CESM1-CAM5,r1i1p1,rcp85,global_mean,Amon,tas,2011-2020,1.15
CMCC-CESM,r1i1p1,rcp85,global_mean,Amon,tas,2011-2020,0.77
CMCC-CMS,r1i1p1,rcp85,global_mean,Amon,tas,2011-2020,0.94
CMCC-CM,r1i1p1,rcp85,global_mean,Amon,tas,2011-2020,1.03
CNRM-CM5,r1i1p1,rcp85,global_mean,Amon,tas,2011-2020,1.05
CSIRO-Mk3-6-0,r1i1p1,rcp85,global_mean,Amon,tas,2011-2020,0.91
CanESM2,r1i1p1,rcp85,global_mean,Amon,tas,2011-2020,1.54
EC-EARTH,r1i1p1,rcp85,global_mean,Amon,tas,2011-2020,1.43
FGOALS-g2,r1i1p1,rcp85,global_mean,Amon,tas,2011-2020,1.03
FGOALS-s2,r3i1p1,rcp85,global_mean,Amon,tas,2011-2020,2.06
FIO-ESM,r1i1p1,rcp85,global_mean,Amon,tas,2011-2020,1.20
GISS-E2-H-CC,r1i1p1,rcp85,global_mean,Amon,tas,2011-2020,1.50
GISS-E2-H,r1i1p1,rcp85,global_mean,Amon,tas,2011-2020,1.39
GISS-E2-R-CC,r1i1p1,rcp85,global_mean,Amon,tas,2011-2020,1.13
GISS-E2-R,r1i1p1,rcp85,global_mean,Amon,tas,2011-2020,1.05
IPSL-CM5A-LR,r1i1p1,rcp85,global_mean,Amon,tas,2011-2020,1.64
IPSL-CM5A-MR,r1i1p1,rcp85,global_mean,Amon,tas,2011-2020,1.51
IPSL-CM5B-LR,r1i1p1,rcp85,global_mean,Amon,tas,2011-2020,1.31
MIROC5,r1i1p1,rcp85,global_mean,Amon,tas,2011-2020,0.98
MPI-ESM-LR,r1i1p1,rcp85,global_mean,Amon,tas,2011-2020,1.51
MPI-ESM-MR,r1i1p1,rcp85,global_mean,Amon,tas,2011-2020,1.39
MRI-CGCM3,r1i1p1,rcp85,global_mean,Amon,tas,2011-2020,0.73
NorESM1-ME,r1i1p1,rcp85,global_mean,Amon,tas,2011-2020,1.03
NorESM1-M,r1i1p1,rcp85,global_mean,Amon,tas,2011-2020,0.96
bcc-csm1-1-m,r1i1p1,rcp85,global_mean,Amon,tas,2011-2020,1.61
bcc-csm1-1,r1i1p1,rcp85,global_mean,Amon,tas,2011-2020,1.42
inmcm4,r1i1p1,rcp85,global_mean,Amon,tas,2011-2020,0.87
ACCESS1-0,r1i1p1,rcp85,global_mean,Amon,tas,2021-2030,1.53
ACCESS1-3,r1i1p1,rcp85,global_mean,Amon,tas,2021-2030,1.39
BNU-ESM,r1i1p1,rcp85,global_mean,Amon,tas,2021-2030,2.19
CCSM4,r1i1p1,rcp85,global_mean,Amon,tas,2021-2030,1.89
CESM1-BGC,r1i1p1,rcp85,global_mean,Amon,tas,2021-2030,1.72
CESM1-CAM5,r1i1p1,rcp85,global_mean,Amon,tas,2021-2030,1.42
CMCC-CESM,r1i1p1,rcp85,global_mean,Amon,tas,2021-2030,1.13
CMCC-CMS,r1i1p1,rcp85,global_mean,Amon,tas,2021-2030,1.33
CMCC-CM,r1i1p1,rcp85,global_mean,Amon,tas,2021-2030,1.30
CNRM-CM5,r1i1p1,rcp85,global_mean,Amon,tas,2021-2030,1.35
CSIRO-Mk3-6-0,r1i1p1,rcp85,global_mean,Amon,tas,2021-2030,1.19
CanESM2,r1i1p1,rcp85,global_mean,Amon,tas,2021-2030,1.94
EC-EARTH,r1i1p1,rcp85,global_mean,Amon,tas,2021-2030,1.67
FGOALS-g2,r1i1p1,rcp85,global_mean,Amon,tas,2021-2030,1.37
FGOALS-s2,r3i1p1,rcp85,global_mean,Amon,tas,2021-2030,2.42
FIO-ESM,r1i1p1,rcp85,global_mean,Amon,tas,2021-2030,1.43
GISS-E2-H-CC,r1i1p1,rcp85,global_mean,Amon,tas,2021-2030,1.71
GISS-E2-H,r1i1p1,rcp85,global_mean,Amon,tas,2021-2030,1.64
GISS-E2-R-CC,r1i1p1,rcp85,global_mean,Amon,tas,2021-2030,1.29
GISS-E2-R,r1i1p1,rcp85,global_mean,Amon,tas,2021-2030,1.29
IPSL-CM5A-LR,r1i1p1,rcp85,global_mean,Amon,tas,2021-2030,1.93
IPSL-CM5A-MR,r1i1p1,rcp85,global_mean,Amon,tas,2021-2030,1.78
IPSL-CM5B-LR,r1i1p1,rcp85,global_mean,Amon,tas,2021-2030,1.62
MIROC5,r1i1p1,rcp85,global_mean,Amon,tas,2021-2030,1.31
MPI-ESM-LR,r1i1p1,rcp85,global_mean,Amon,tas,2021-2030,1.68
MPI-ESM-MR,r1i1p1,rcp85,global_mean,Amon,tas,2021-2030,1.68
MRI-CGCM3,r1i1p1,rcp85,global_mean,Amon,tas,2021-2030,1.02
NorESM1-ME,r1i1p1,rcp85,global_mean,Amon,tas,2021-2030,1.28
NorESM1-M,r1i1p1,rcp85,global_mean,Amon,tas,2021-2030,1.29
bcc-csm1-1-m,r1i1p1,rcp85,global_mean,Amon,tas,2021-2030,1.91
bcc-csm1-1,r1i1p1,rcp85,global_mean,Amon,tas,2021-2030,1.63
inmcm4,r1i1p1,rcp85,global_mean,Amon,tas,2021-2030,1.09
ACCESS1-0,r1i1p1,rcp85,global_mean,Amon,tas,2031-2040,1.74
ACCESS1-3,r1i1p1,rcp85,global_mean,Amon,tas,2031-2040,1.64
BNU-ESM,r1i1p1,rcp85,global_mean,Amon,tas,2031-2040,2.56
CCSM4,r1i1p1,rcp85,global_mean,Amon,tas,2031-2040,2.16
CESM1-BGC,r1i1p1,rcp85,global_mean,Amon,tas,2031-2040,2.11
CESM1-CAM5,r1i1p1,rcp85,global_mean,Amon,tas,2031-2040,1.84
CMCC-CESM,r1i1p1,rcp85,global_mean,Amon,tas,2031-2040,1.35
CMCC-CMS,r1i1p1,rcp85,global_mean,Amon,tas,2031-2040,1.77
CMCC-CM,r1i1p1,rcp85,global_mean,Amon,tas,2031-2040,1.81
CNRM-CM5,r1i1p1,rcp85,global_mean,Amon,tas,2031-2040,1.66
CSIRO-Mk3-6-0,r1i1p1,rcp85,global_mean,Amon,tas,2031-2040,1.55
CanESM2,r1i1p1,rcp85,global_mean,Amon,tas,2031-2040,2.37
EC-EARTH,r1i1p1,rcp85,global_mean,Amon,tas,2031-2040,1.98
FGOALS-g2,r1i1p1,rcp85,global_mean,Amon,tas,2031-2040,1.67
FGOALS-s2,r3i1p1,rcp85,global_mean,Amon,tas,2031-2040,2.86
FIO-ESM,r1i1p1,rcp85,global_mean,Amon,tas,2031-2040,1.71
GISS-E2-H-CC,r1i1p1,rcp85,global_mean,Amon,tas,2031-2040,2.00
GISS-E2-H,r1i1p1,rcp85,global_mean,Amon,tas,2031-2040,1.98
GISS-E2-R-CC,r1i1p1,rcp85,global_mean,Amon,tas,2031-2040,1.58
GISS-E2-R,r1i1p1,rcp85,global_mean,Amon,tas,2031-2040,1.63
IPSL-CM5A-LR,r1i1p1,rcp85,global_mean,Amon,tas,2031-2040,2.40
IPSL-CM5A-MR,r1i1p1,rcp85,global_mean,Amon,tas,2031-2040,2.23
IPSL-CM5B-LR,r1i1p1,rcp85,global_mean,Amon,tas,2031-2040,1.91
MIROC5,r1i1p1,rcp85,global_mean,Amon,tas,2031-2040,1.52
MPI-ESM-LR,r1i1p1,rcp85,global_mean,Amon,tas,2031-2040,1.95
MPI-ESM-MR,r1i1p1,rcp85,global_mean,Amon,tas,2031-2040,1.83
MRI-CGCM3,r1i1p1,rcp85,global_mean,Amon,tas,2031-2040,1.25
NorESM1-ME,r1i1p1,rcp85,global_mean,Amon,tas,2031-2040,1.56
NorESM1-M,r1i1p1,rcp85,global_mean,Amon,tas,2031-2040,1.61
bcc-csm1-1-m,r1i1p1,rcp85,global_mean,Amon,tas,2031-2040,2.24
bcc-csm1-1,r1i1p1,rcp85,global_mean,Amon,tas,2031-2040,2.00
inmcm4,r1i1p1,rcp85,global_mean,Amon,tas,2031-2040,1.33
ACCESS1-0,r1i1p1,rcp85,global_mean,Amon,tas,2041-2050,2.28
ACCESS1-3,r1i1p1,rcp85,global_mean,Amon,tas,2041-2050,2.23
BNU-ESM,r1i1p1,rcp85,global_mean,Amon,tas,2041-2050,2.98
CCSM4,r1i1p1,rcp85,global_mean,Amon,tas,2041-2050,2.52
CESM1-BGC,r1i1p1,rcp85,global_mean,Amon,tas,2041-2050,2.42
CESM1-CAM5,r1i1p1,rcp85,global_mean,Amon,tas,2041-2050,2.38
CMCC-CESM,r1i1p1,rcp85,global_mean,Amon,tas,2041-2050,2.00
CMCC-CMS,r1i1p1,rcp85,global_mean,Amon,tas,2041-2050,2.21
CMCC-CM,r1i1p1,rcp85,global_mean,Amon,tas,2041-2050,2.13
CNRM-CM5,r1i1p1,rcp85,global_mean,Amon,tas,2041-2050,2.04
CSIRO-Mk3-6-0,r1i1p1,rcp85,global_mean,Amon,tas,2041-2050,2.06
CanESM2,r1i1p1,rcp85,global_mean,Amon,tas,2041-2050,2.84
EC-EARTH,r1i1p1,rcp85,global_mean,Amon,tas,2041-2050,2.33
FGOALS-g2,r1i1p1,rcp85,global_mean,Amon,tas,2041-2050,2.00
FGOALS-s2,r3i1p1,rcp85,global_mean,Amon,tas,2041-2050,3.34
FIO-ESM,r1i1p1,rcp85,global_mean,Amon,tas,2041-2050,2.04
GISS-E2-H-CC,r1i1p1,rcp85,global_mean,Amon,tas,2041-2050,2.36
GISS-E2-H,r1i1p1,rcp85,global_mean,Amon,tas,2041-2050,2.33
GISS-E2-R-CC,r1i1p1,rcp85,global_mean,Amon,tas,2041-2050,1.91
GISS-E2-R,r1i1p1,rcp85,global_mean,Amon,tas,2041-2050,1.82
IPSL-CM5A-LR,r1i1p1,rcp85,global_mean,Amon,tas,2041-2050,2.98
IPSL-CM5A-MR,r1i1p1,rcp85,global_mean,Amon,tas,2041-2050,2.72
IPSL-CM5B-LR,r1i1p1,rcp85,global_mean,Amon,tas,2041-2050,2.33
MIROC5,r1i1p1,rcp85,global_mean,Amon,tas,2041-2050,1.86
MPI-ESM-LR,r1i1p1,rcp85,global_mean,Amon,tas,2041-2050,2.34
MPI-ESM-MR,r1i1p1,rcp85,global_mean,Amon,tas,2041-2050,2.28
MRI-CGCM3,r1i1p1,rcp85,global_mean,Amon,tas,2041-2050,1.72
NorESM1-ME,r1i1p1,rcp85,global_mean,Amon,tas,2041-2050,1.94
NorESM1-M,r1i1p1,rcp85,global_mean,Amon,tas,2041-2050,1.88
bcc-csm1-1-m,r1i1p1,rcp85,global_mean,Amon,tas,2041-2050,2.42
bcc-csm1-1,r1i1p1,rcp85,global_mean,Amon,tas,2041-2050,2.33
inmcm4,r1i1p1,rcp85,global_mean,Amon,tas,2041-2050,1.54
ACCESS1-0,r1i1p1,rcp85,global_mean,Amon,tas,2051-2060,2.81
ACCESS1-3,r1i1p1,rcp85,global_mean,Amon,tas,2051-2060,2.79
BNU-ESM,r1i1p1,rcp85,global_mean,Amon,tas,2051-2060,3.56
CCSM4,r1i1p1,rcp85,global_mean,Amon,tas,2051-2060,2.91
CESM1-BGC,r1i1p1,rcp85,global_mean,Amon,tas,2051-2060,2.86
CESM1-CAM5,r1i1p1,rcp85,global_mean,Amon,tas,2051-2060,2.90
CMCC-CESM,r1i1p1,rcp85,global_mean,Amon,tas,2051-2060,2.42
CMCC-CMS,r1i1p1,rcp85,global_mean,Amon,tas,2051-2060,2.65
CMCC-CM,r1i1p1,rcp85,global_mean,Amon,tas,2051-2060,2.70
CNRM-CM5,r1i1p1,rcp85,global_mean,Amon,tas,2051-2060,2.45
CSIRO-Mk3-6-0,r1i1p1,rcp85,global_mean,Amon,tas,2051-2060,2.51
CanESM2,r1i1p1,rcp85,global_mean,Amon,tas,2051-2060,3.32
EC-EARTH,r1i1p1,rcp85,global_mean,Amon,tas,2051-2060,2.73
FGOALS-g2,r1i1p1,rcp85,global_mean,Amon,tas,2051-2060,2.29
FGOALS-s2,r3i1p1,rcp85,global_mean,Amon,tas,2051-2060,3.96
FIO-ESM,r1i1p1,rcp85,global_mean,Amon,tas,2051-2060,2.50
GISS-E2-H-CC,r1i1p1,rcp85,global_mean,Amon,tas,2051-2060,2.68
GISS-E2-H,r1i1p1,rcp85,global_mean,Amon,tas,2051-2060,2.58
GISS-E2-R-CC,r1i1p1,rcp85,global_mean,Amon,tas,2051-2060,2.22
GISS-E2-R,r1i1p1,rcp85,global_mean,Amon,tas,2051-2060,2.11
IPSL-CM5A-LR,r1i1p1,rcp85,global_mean,Amon,tas,2051-2060,3.44
IPSL-CM5A-MR,r1i1p1,rcp85,global_mean,Amon,tas,2051-2060,3.34
IPSL-CM5B-LR,r1i1p1,rcp85,global_mean,Amon,tas,2051-2060,2.77
MIROC5,r1i1p1,rcp85,global_mean,Amon,tas,2051-2060,2.36
MPI-ESM-LR,r1i1p1,rcp85,global_mean,Amon,tas,2051-2060,2.78
MPI-ESM-MR,r1i1p1,rcp85,global_mean,Amon,tas,2051-2060,2.78
MRI-CGCM3,r1i1p1,rcp85,global_mean,Amon,tas,2051-2060,2.14
NorESM1-ME,r1i1p1,rcp85,global_mean,Amon,tas,2051-2060,2.36
NorESM1-M,r1i1p1,rcp85,global_mean,Amon,tas,2051-2060,2.25
bcc-csm1-1-m,r1i1p1,rcp85,global_mean,Amon,tas,2051-2060,2.81
bcc-csm1-1,r1i1p1,rcp85,global_mean,Amon,tas,2051-2060,2.77
inmcm4,r1i1p1,rcp85,global_mean,Amon,tas,2051-2060,1.89
ACCESS1-0,r1i1p1,rcp85,global_mean,Amon,tas,2061-2070,3.22
ACCESS1-3,r1i1p1,rcp85,global_mean,Amon,tas,2061-2070,3.21
BNU-ESM,r1i1p1,rcp85,global_mean,Amon,tas,2061-2070,4.10
CCSM4,r1i1p1,rcp85,global_mean,Amon,tas,2061-2070,3.44
CESM1-BGC,r1i1p1,rcp85,global_mean,Amon,tas,2061-2070,3.29
CESM1-CAM5,r1i1p1,rcp85,global_mean,Amon,tas,2061-2070,3.46
CMCC-CESM,r1i1p1,rcp85,global_mean,Amon,tas,2061-2070,2.82
CMCC-CMS,r1i1p1,rcp85,global_mean,Amon,tas,2061-2070,3.27
CMCC-CM,r1i1p1,rcp85,global_mean,Amon,tas,2061-2070,3.29
CNRM-CM5,r1i1p1,rcp85,global_mean,Amon,tas,2061-2070,2.92
CSIRO-Mk3-6-0,r1i1p1,rcp85,global_mean,Amon,tas,2061-2070,3.05
CanESM2,r1i1p1,rcp85,global_mean,Amon,tas,2061-2070,3.86
EC-EARTH,r1i1p1,rcp85,global_mean,Amon,tas,2061-2070,3.20
FGOALS-g2,r1i1p1,rcp85,global_mean,Amon,tas,2061-2070,2.69
FGOALS-s2,r3i1p1,rcp85,global_mean,Amon,tas,2061-2070,4.61
FIO-ESM,r1i1p1,rcp85,global_mean,Amon,tas,2061-2070,2.87
GISS-E2-H-CC,r1i1p1,rcp85,global_mean,Amon,tas,2061-2070,3.09
GISS-E2-H,r1i1p1,rcp85,global_mean,Amon,tas,2061-2070,2.99
GISS-E2-R-CC,r1i1p1,rcp85,global_mean,Amon,tas,2061-2070,2.47
GISS-E2-R,r1i1p1,rcp85,global_mean,Amon,tas,2061-2070,2.43
IPSL-CM5A-LR,r1i1p1,rcp85,global_mean,Amon,tas,2061-2070,4.03
IPSL-CM5A-MR,r1i1p1,rcp85,global_mean,Amon,tas,2061-2070,3.92
IPSL-CM5B-LR,r1i1p1,rcp85,global_mean,Amon,tas,2061-2070,3.19
MIROC5,r1i1p1,rcp85,global_mean,Amon,tas,2061-2070,2.69
MPI-ESM-LR,r1i1p1,rcp85,global_mean,Amon,tas,2061-2070,3.19
MPI-ESM-MR,r1i1p1,rcp85,global_mean,Amon,tas,2061-2070,3.27
MRI-CGCM3,r1i1p1,rcp85,global_mean,Amon,tas,2061-2070,2.63
NorESM1-ME,r1i1p1,rcp85,global_mean,Amon,tas,2061-2070,2.85
NorESM1-M,r1i1p1,rcp85,global_mean,Amon,tas,2061-2070,2.73
bcc-csm1-1-m,r1i1p1,rcp85,global_mean,Amon,tas,2061-2070,3.34
bcc-csm1-1,r1i1p1,rcp85,global_mean,Amon,tas,2061-2070,3.37
inmcm4,r1i1p1,rcp85,global_mean,Amon,tas,2061-2070,2.38
ACCESS1-0,r1i1p1,rcp85,global_mean,Amon,tas,2071-2080,3.75
ACCESS1-3,r1i1p1,rcp85,global_mean,Amon,tas,2071-2080,3.80
BNU-ESM,r1i1p1,rcp85,global_mean,Amon,tas,2071-2080,4.62
CCSM4,r1i1p1,rcp85,global_mean,Amon,tas,2071-2080,3.91
CESM1-BGC,r1i1p1,rcp85,global_mean,Amon,tas,2071-2080,3.76
CESM1-CAM5,r1i1p1,rcp85,global_mean,Amon,tas,2071-2080,3.91
CMCC-CESM,r1i1p1,rcp85,global_mean,Amon,tas,2071-2080,3.48
CMCC-CMS,r1i1p1,rcp85,global_mean,Amon,tas,2071-2080,3.92
CMCC-CM,r1i1p1,rcp85,global_mean,Amon,tas,2071-2080,3.82
CNRM-CM5,r1i1p1,rcp85,global_mean,Amon,tas,2071-2080,3.42
CSIRO-Mk3-6-0,r1i1p1,rcp85,global_mean,Amon,tas,2071-2080,3.58
CanESM2,r1i1p1,rcp85,global_mean,Amon,tas,2071-2080,4.46
EC-EARTH,r1i1p1,rcp85,global_mean,Amon,tas,2071-2080,3.65
FGOALS-g2,r1i1p1,rcp85,global_mean,Amon,tas,2071-2080,3.07
FGOALS-s2,r3i1p1,rcp85,global_mean,Amon,tas,2071-2080,5.25
FIO-ESM,r1i1p1,rcp85,global_mean,Amon,tas,2071-2080,3.37
GISS-E2-H-CC,r1i1p1,rcp85,global_mean,Amon,tas,2071-2080,3.39
GISS-E2-H,r1i1p1,rcp85,global_mean,Amon,tas,2071-2080,3.37
GISS-E2-R-CC,r1i1p1,rcp85,global_mean,Amon,tas,2071-2080,2.80
GISS-E2-R,r1i1p1,rcp85,global_mean,Amon,tas,2071-2080,2.67
IPSL-CM5A-LR,r1i1p1,rcp85,global_mean,Amon,tas,2071-2080,4.63
IPSL-CM5A-MR,r1i1p1,rcp85,global_mean,Amon,tas,2071-2080,4.59
IPSL-CM5B-LR,r1i1p1,rcp85,global_mean,Amon,tas,2071-2080,3.59
MIROC5,r1i1p1,rcp85,global_mean,Amon,tas,2071-2080,3.20
MPI-ESM-LR,r1i1p1,rcp85,global_mean,Amon,tas,2071-2080,3.68
MPI-ESM-MR,r1i1p1,rcp85,global_mean,Amon,tas,2071-2080,3.74
MRI-CGCM3,r1i1p1,rcp85,global_mean,Amon,tas,2071-2080,2.97
NorESM1-ME,r1i1p1,rcp85,global_mean,Amon,tas,2071-2080,3.29
NorESM1-M,r1i1p1,rcp85,global_mean,Amon,tas,2071-2080,3.12
bcc-csm1-1-m,r1i1p1,rcp85,global_mean,Amon,tas,2071-2080,3.59
bcc-csm1-1,r1i1p1,rcp85,global_mean,Amon,tas,2071-2080,3.68
inmcm4,r1i1p1,rcp85,global_mean,Amon,tas,2071-2080,2.79
ACCESS1-0,r1i1p1,rcp85,global_mean,Amon,tas,2081-2090,4.30
ACCESS1-3,r1i1p1,rcp85,global_mean,Amon,tas,2081-2090,4.17
BNU-ESM,r1i1p1,rcp85,global_mean,Amon,tas,2081-2090,5.21
CCSM4,r1i1p1,rcp85,global_mean,Amon,tas,2081-2090,4.41
CESM1-BGC,r1i1p1,rcp85,global_mean,Amon,tas,2081-2090,4.24
CESM1-CAM5,r1i1p1,rcp85,global_mean,Amon,tas,2081-2090,4.44
CMCC-CESM,r1i1p1,rcp85,global_mean,Amon,tas,2081-2090,3.96
CMCC-CMS,r1i1p1,rcp85,global_mean,Amon,tas,2081-2090,4.54
CMCC-CM,r1i1p1,rcp85,global_mean,Amon,tas,2081-2090,4.45
CNRM-CM5,r1i1p1,rcp85,global_mean,Amon,tas,2081-2090,3.89
CSIRO-Mk3-6-0,r1i1p1,rcp85,global_mean,Amon,tas,2081-2090,4.20
CanESM2,r1i1p1,rcp85,global_mean,Amon,tas,2081-2090,5.08
EC-EARTH,r1i1p1,rcp85,global_mean,Amon,tas,2081-2090,4.16
FGOALS-g2,r1i1p1,rcp85,global_mean,Amon,tas,2081-2090,3.41
FGOALS-s2,r3i1p1,rcp85,global_mean,Amon,tas,2081-2090,5.83
FIO-ESM,r1i1p1,rcp85,global_mean,Amon,tas,2081-2090,4.01
GISS-E2-H-CC,r1i1p1,rcp85,global_mean,Amon,tas,2081-2090,3.68
GISS-E2-H,r1i1p1,rcp85,global_mean,Amon,tas,2081-2090,3.66
GISS-E2-R-CC,r1i1p1,rcp85,global_mean,Amon,tas,2081-2090,3.08
GISS-E2-R,r1i1p1,rcp85,global_mean,Amon,tas,2081-2090,3.00
IPSL-CM5A-LR,r1i1p1,rcp85,global_mean,Amon,tas,2081-2090,5.23
IPSL-CM5A-MR,r1i1p1,rcp85,global_mean,Amon,tas,2081-2090,4.98
IPSL-CM5B-LR,r1i1p1,rcp85,global_mean,Amon,tas,2081-2090,4.02
MIROC5,r1i1p1,rcp85,global_mean,Amon,tas,2081-2090,3.64
MPI-ESM-LR,r1i1p1,rcp85,global_mean,Amon,tas,2081-2090,4.27
MPI-ESM-MR,r1i1p1,rcp85,global_mean,Amon,tas,2081-2090,4.09
MRI-CGCM3,r1i1p1,rcp85,global_mean,Amon,tas,2081-2090,3.43
NorESM1-ME,r1i1p1,rcp85,global_mean,Amon,tas,2081-2090,3.71
NorESM1-M,r1i1p1,rcp85,global_mean,Amon,tas,2081-2090,3.53
bcc-csm1-1-m,r1i1p1,rcp85,global_mean,Amon,tas,2081-2090,4.05
bcc-csm1-1,r1i1p1,rcp85,global_mean,Amon,tas,2081-2090,4.10
inmcm4,r1i1p1,rcp85,global_mean,Amon,tas,2081-2090,3.04
ACCESS1-0,r1i1p1,rcp85,global_mean,Amon,tas,2091-2100,4.96
ACCESS1-3,r1i1p1,rcp85,global_mean,Amon,tas,2091-2100,4.68
BNU-ESM,r1i1p1,rcp85,global_mean,Amon,tas,2091-2100,5.64
CCSM4,r1i1p1,rcp85,global_mean,Amon,tas,2091-2100,4.82
CESM1-BGC,r1i1p1,rcp85,global_mean,Amon,tas,2091-2100,4.68
CESM1-CAM5,r1i1p1,rcp85,global_mean,Amon,tas,2091-2100,4.89
CMCC-CESM,r1i1p1,rcp85,global_mean,Amon,tas,2091-2100,4.47
CMCC-CMS,r1i1p1,rcp85,global_mean,Amon,tas,2091-2100,5.09
CMCC-CM,r1i1p1,rcp85,global_mean,Amon,tas,2091-2100,5.12
CNRM-CM5,r1i1p1,rcp85,global_mean,Amon,tas,2091-2100,4.41
CSIRO-Mk3-6-0,r1i1p1,rcp85,global_mean,Amon,tas,2091-2100,4.89
CanESM2,r1i1p1,rcp85,global_mean,Amon,tas,2091-2100,5.57
EC-EARTH,r1i1p1,rcp85,global_mean,Amon,tas,2091-2100,4.65
FGOALS-g2,r1i1p1,rcp85,global_mean,Amon,tas,2091-2100,3.91
FGOALS-s2,r3i1p1,rcp85,global_mean,Amon,tas,2091-2100,6.62
FIO-ESM,r1i1p1,rcp85,global_mean,Amon,tas,2091-2100,4.62
GISS-E2-H-CC,r1i1p1,rcp85,global_mean,Amon,tas,2091-2100,4.00
GISS-E2-H,r1i1p1,rcp85,global_mean,Amon,tas,2091-2100,3.91
GISS-E2-R-CC,r1i1p1,rcp85,global_mean,Amon,tas,2091-2100,3.33
GISS-E2-R,r1i1p1,rcp85,global_mean,Amon,tas,2091-2100,3.27
IPSL-CM5A-LR,r1i1p1,rcp85,global_mean,Amon,tas,2091-2100,5.87
IPSL-CM5A-MR,r1i1p1,rcp85,global_mean,Amon,tas,2091-2100,5.56
IPSL-CM5B-LR,r1i1p1,rcp85,global_mean,Amon,tas,2091-2100,4.53
MIROC5,r1i1p1,rcp85,global_mean,Amon,tas,2091-2100,4.03
MPI-ESM-LR,r1i1p1,rcp85,global_mean,Amon,tas,2091-2100,4.74
MPI-ESM-MR,r1i1p1,rcp85,global_mean,Amon,tas,2091-2100,4.70
MRI-CGCM3,r1i1p1,rcp85,global_mean,Amon,tas,2091-2100,3.92
NorESM1-ME,r1i1p1,rcp85,global_mean,Amon,tas,2091-2100,4.14
NorESM1-M,r1i1p1,rcp85,global_mean,Amon,tas,2091-2100,4.00
bcc-csm1-1-m,r1i1p1,rcp85,global_mean,Amon,tas,2091-2100,4.53
bcc-csm1-1,r1i1p1,rcp85,global_mean,Amon,tas,2091-2100,4.59
inmcm4,r1i1p1,rcp85,global_mean,Amon,tas,2091-2100,3.40
